topic_page	url
20080208154822_t164_U4HG3BUHGGUT.html	http://theroomz.yoyo.pl/logo2.jpg
20080208154822_t164_U4HG3BUHGGUT.html	http://theroomz.yoyo.pl/scr/angelav.jpg
20080208154822_t164_U4HG3BUHGGUT.html	http://theroomz.org
20080208154822_t164_U4HG3BUHGGUT.html	http://www.theroomz.org
20080208154822_t164_U4HG3BUHGGUT.html	http://download.macromedia.com/pub/shockwave/cabs/flash/swflash.cab#version=7,0,0,0
20080208154822_t164_U4HG3BUHGGUT.html	http://theroomz.19.forumer.com/viewtopic.php?t=164&start=0
20080208154822_t164_U4HG3BUHGGUT.html	http://www.trialpay.com/stores/forumer/adremoval30000?tid=6rGU5Yo&sid=theroomz
20080208154823_t164_4JXNI3LEYAI3.html	http://theroomz.yoyo.pl/logo2.jpg
20080208154823_t164_4JXNI3LEYAI3.html	http://theroomz.yoyo.pl/scr/angelav.jpg
20080208154823_t164_4JXNI3LEYAI3.html	http://theroomz.org
20080208154823_t164_4JXNI3LEYAI3.html	http://www.theroomz.org
20080208154823_t164_4JXNI3LEYAI3.html	http://download.macromedia.com/pub/shockwave/cabs/flash/swflash.cab#version=7,0,0,0
20080208154823_t164_4JXNI3LEYAI3.html	http://theroomz.19.forumer.com/viewtopic.php?t=164&start=25
20080208154823_t164_4JXNI3LEYAI3.html	http://www.trialpay.com/stores/forumer/adremoval30000?tid=6rGU5Yo&sid=theroomz
20080208154828_t164_6J54TPJWGE3X.html	http://theroomz.yoyo.pl/logo2.jpg
20080208154828_t164_6J54TPJWGE3X.html	http://download.macromedia.com/pub/shockwave/cabs/flash/swflash.cab#version=7,0,0,0
20080208154828_t164_6J54TPJWGE3X.html	http://theroomz.19.forumer.com/viewtopic.php?t=164&start=50
20080208154828_t164_6J54TPJWGE3X.html	http://www.trialpay.com/stores/forumer/adremoval30000?tid=6rGU5Yo&sid=theroomz
20080208155031_t187_JKCYYRXBYE5S.html	http://theroomz.yoyo.pl/logo2.jpg
20080208155031_t187_JKCYYRXBYE5S.html	http://theroomz.yoyo.pl/scr/angelav.jpg
20080208155031_t187_JKCYYRXBYE5S.html	http://theroomz.org
20080208155031_t187_JKCYYRXBYE5S.html	http://www.theroomz.org
20080208155031_t187_JKCYYRXBYE5S.html	http://download.macromedia.com/pub/shockwave/cabs/flash/swflash.cab#version=7,0,0,0
20080208155031_t187_JKCYYRXBYE5S.html	http://theroomz.19.forumer.com/viewtopic.php?t=187&start=0
20080208155031_t187_JKCYYRXBYE5S.html	http://www.trialpay.com/stores/forumer/adremoval30000?tid=6rGU5Yo&sid=theroomz
20080208155036_t187_YVWKU344ET76.html	http://theroomz.yoyo.pl/logo2.jpg
20080208155036_t187_YVWKU344ET76.html	http://download.macromedia.com/pub/shockwave/cabs/flash/swflash.cab#version=7,0,0,0
20080208155036_t187_YVWKU344ET76.html	http://theroomz.19.forumer.com/viewtopic.php?t=187&start=225
20080208155036_t187_YVWKU344ET76.html	http://www.trialpay.com/stores/forumer/adremoval30000?tid=6rGU5Yo&sid=theroomz
20080208155041_t187_NRQIPWLH2LOR.html	http://theroomz.yoyo.pl/logo2.jpg
20080208155041_t187_NRQIPWLH2LOR.html	http://download.macromedia.com/pub/shockwave/cabs/flash/swflash.cab#version=7,0,0,0
20080208155041_t187_NRQIPWLH2LOR.html	http://theroomz.19.forumer.com/viewtopic.php?t=187&start=250
20080208155041_t187_NRQIPWLH2LOR.html	http://www.trialpay.com/stores/forumer/adremoval30000?tid=6rGU5Yo&sid=theroomz
20080208155046_t187_V4B3ZKID4Q5K.html	http://theroomz.yoyo.pl/logo2.jpg
20080208155046_t187_V4B3ZKID4Q5K.html	http://download.macromedia.com/pub/shockwave/cabs/flash/swflash.cab#version=7,0,0,0
20080208155046_t187_V4B3ZKID4Q5K.html	http://theroomz.19.forumer.com/viewtopic.php?t=187&start=275
20080208155046_t187_V4B3ZKID4Q5K.html	http://www.trialpay.com/stores/forumer/adremoval30000?tid=6rGU5Yo&sid=theroomz
20080208155111_t212_TJH3QF3RCXCD.html	http://theroomz.yoyo.pl/logo2.jpg
20080208155111_t212_TJH3QF3RCXCD.html	http://theroomz.yoyo.pl/scr/angelav.jpg
20080208155111_t212_TJH3QF3RCXCD.html	http://theroomz.org
20080208155111_t212_TJH3QF3RCXCD.html	http://www.theroomz.org
20080208155111_t212_TJH3QF3RCXCD.html	http://download.macromedia.com/pub/shockwave/cabs/flash/swflash.cab#version=7,0,0,0
20080208155111_t212_TJH3QF3RCXCD.html	http://theroomz.19.forumer.com/viewtopic.php?t=212&start=0
20080208155111_t212_TJH3QF3RCXCD.html	http://www.trialpay.com/stores/forumer/adremoval30000?tid=6rGU5Yo&sid=theroomz
20080208155116_t212_TUS4422L7OJA.html	http://theroomz.yoyo.pl/logo2.jpg
20080208155116_t212_TUS4422L7OJA.html	http://theroomz.yoyo.pl/scr/angelav.jpg
20080208155116_t212_TUS4422L7OJA.html	http://theroomz.org
20080208155116_t212_TUS4422L7OJA.html	http://www.theroomz.org
20080208155116_t212_TUS4422L7OJA.html	http://download.macromedia.com/pub/shockwave/cabs/flash/swflash.cab#version=7,0,0,0
20080208155116_t212_TUS4422L7OJA.html	http://theroomz.19.forumer.com/viewtopic.php?t=212&start=100
20080208155116_t212_TUS4422L7OJA.html	http://www.trialpay.com/stores/forumer/adremoval30000?tid=6rGU5Yo&sid=theroomz
20080208155121_t212_KDSD7LIGNLCW.html	http://theroomz.yoyo.pl/logo2.jpg
20080208155121_t212_KDSD7LIGNLCW.html	http://theroomz.yoyo.pl/scr/angelav.jpg
20080208155121_t212_KDSD7LIGNLCW.html	http://theroomz.org
20080208155121_t212_KDSD7LIGNLCW.html	http://www.theroomz.org
20080208155121_t212_KDSD7LIGNLCW.html	http://download.macromedia.com/pub/shockwave/cabs/flash/swflash.cab#version=7,0,0,0
20080208155121_t212_KDSD7LIGNLCW.html	http://theroomz.19.forumer.com/viewtopic.php?t=212&start=125
20080208155121_t212_KDSD7LIGNLCW.html	http://www.trialpay.com/stores/forumer/adremoval30000?tid=6rGU5Yo&sid=theroomz
20080208155135_t215_NUJ3EBDUKBI6.html	http://theroomz.yoyo.pl/logo2.jpg
20080208155135_t215_NUJ3EBDUKBI6.html	http://download.macromedia.com/pub/shockwave/cabs/flash/swflash.cab#version=7,0,0,0
20080208155135_t215_NUJ3EBDUKBI6.html	http://theroomz.19.forumer.com/viewtopic.php?t=215&start=100
20080208155135_t215_NUJ3EBDUKBI6.html	http://www.trialpay.com/stores/forumer/adremoval30000?tid=6rGU5Yo&sid=theroomz
20080208155141_t215_7KJNMRD4UGDU.html	http://theroomz.yoyo.pl/logo2.jpg
20080208155141_t215_7KJNMRD4UGDU.html	http://download.macromedia.com/pub/shockwave/cabs/flash/swflash.cab#version=7,0,0,0
20080208155141_t215_7KJNMRD4UGDU.html	http://theroomz.19.forumer.com/viewtopic.php?t=215&start=50
20080208155141_t215_7KJNMRD4UGDU.html	http://www.trialpay.com/stores/forumer/adremoval30000?tid=6rGU5Yo&sid=theroomz
20080208155221_t236_DSDYUZPR2PM3.html	http://theroomz.yoyo.pl/logo2.jpg
20080208155221_t236_DSDYUZPR2PM3.html	http://theroomz.yoyo.pl/scr/angelav.jpg
20080208155221_t236_DSDYUZPR2PM3.html	http://theroomz.org
20080208155221_t236_DSDYUZPR2PM3.html	http://www.theroomz.org
20080208155221_t236_DSDYUZPR2PM3.html	http://download.macromedia.com/pub/shockwave/cabs/flash/swflash.cab#version=7,0,0,0
20080208155221_t236_DSDYUZPR2PM3.html	http://theroomz.19.forumer.com/viewtopic.php?t=236&start=0
20080208155221_t236_DSDYUZPR2PM3.html	http://www.trialpay.com/stores/forumer/adremoval30000?tid=6rGU5Yo&sid=theroomz
20080208155226_t236_CNGTUPGKB3NQ.html	http://theroomz.yoyo.pl/logo2.jpg
20080208155226_t236_CNGTUPGKB3NQ.html	http://theroomz.yoyo.pl/scr/angelav.jpg
20080208155226_t236_CNGTUPGKB3NQ.html	http://theroomz.org
20080208155226_t236_CNGTUPGKB3NQ.html	http://www.theroomz.org
20080208155226_t236_CNGTUPGKB3NQ.html	http://download.macromedia.com/pub/shockwave/cabs/flash/swflash.cab#version=7,0,0,0
20080208155226_t236_CNGTUPGKB3NQ.html	http://theroomz.19.forumer.com/viewtopic.php?t=236&start=100
20080208155226_t236_CNGTUPGKB3NQ.html	http://www.trialpay.com/stores/forumer/adremoval30000?tid=6rGU5Yo&sid=theroomz
20080208155231_t236_UUXS3Q3ICK2Z.html	http://theroomz.yoyo.pl/logo2.jpg
20080208155231_t236_UUXS3Q3ICK2Z.html	http://theroomz.yoyo.pl/scr/angelav.jpg
20080208155231_t236_UUXS3Q3ICK2Z.html	http://theroomz.org
20080208155231_t236_UUXS3Q3ICK2Z.html	http://www.theroomz.org
20080208155231_t236_UUXS3Q3ICK2Z.html	http://download.macromedia.com/pub/shockwave/cabs/flash/swflash.cab#version=7,0,0,0
20080208155231_t236_UUXS3Q3ICK2Z.html	http://theroomz.19.forumer.com/viewtopic.php?t=236&start=125
20080208155231_t236_UUXS3Q3ICK2Z.html	http://www.trialpay.com/stores/forumer/adremoval30000?tid=6rGU5Yo&sid=theroomz
20080208155242_t250_KTI7VK5DCJBG.html	http://theroomz.yoyo.pl/logo2.jpg
20080208155242_t250_KTI7VK5DCJBG.html	http://theroomz.yoyo.pl/scr/angelav.jpg
20080208155242_t250_KTI7VK5DCJBG.html	http://theroomz.org
20080208155242_t250_KTI7VK5DCJBG.html	http://www.theroomz.org
20080208155242_t250_KTI7VK5DCJBG.html	http://download.macromedia.com/pub/shockwave/cabs/flash/swflash.cab#version=7,0,0,0
20080208155242_t250_KTI7VK5DCJBG.html	http://theroomz.19.forumer.com/viewtopic.php?t=250&start=0
20080208155242_t250_KTI7VK5DCJBG.html	http://www.trialpay.com/stores/forumer/adremoval30000?tid=6rGU5Yo&sid=theroomz
20080208155246_t250_54GEC25BVXF2.html	http://theroomz.yoyo.pl/logo2.jpg
20080208155246_t250_54GEC25BVXF2.html	http://theroomz.yoyo.pl/scr/angelav.jpg
20080208155246_t250_54GEC25BVXF2.html	http://theroomz.org
20080208155246_t250_54GEC25BVXF2.html	http://www.theroomz.org
20080208155246_t250_54GEC25BVXF2.html	http://download.macromedia.com/pub/shockwave/cabs/flash/swflash.cab#version=7,0,0,0
20080208155246_t250_54GEC25BVXF2.html	http://theroomz.19.forumer.com/viewtopic.php?t=250&start=25
20080208155246_t250_54GEC25BVXF2.html	http://www.trialpay.com/stores/forumer/adremoval30000?tid=6rGU5Yo&sid=theroomz
20080208155251_t308_4XVQRBJ7J5MN.html	http://theroomz.yoyo.pl/logo2.jpg
20080208155251_t308_4XVQRBJ7J5MN.html	http://theroomz.yoyo.pl/scr/angelav.jpg
20080208155251_t308_4XVQRBJ7J5MN.html	http://theroomz.org
20080208155251_t308_4XVQRBJ7J5MN.html	http://www.theroomz.org
20080208155251_t308_4XVQRBJ7J5MN.html	http://download.macromedia.com/pub/shockwave/cabs/flash/swflash.cab#version=7,0,0,0
20080208155251_t308_4XVQRBJ7J5MN.html	http://theroomz.19.forumer.com/viewtopic.php?t=308&start=0
20080208155251_t308_4XVQRBJ7J5MN.html	http://www.trialpay.com/stores/forumer/adremoval30000?tid=6rGU5Yo&sid=theroomz
20080208155256_t308_TKK4CKKGS7RS.html	http://theroomz.yoyo.pl/logo2.jpg
20080208155256_t308_TKK4CKKGS7RS.html	http://download.macromedia.com/pub/shockwave/cabs/flash/swflash.cab#version=7,0,0,0
20080208155256_t308_TKK4CKKGS7RS.html	http://theroomz.19.forumer.com/viewtopic.php?t=308&start=100
20080208155256_t308_TKK4CKKGS7RS.html	http://www.trialpay.com/stores/forumer/adremoval30000?tid=6rGU5Yo&sid=theroomz
