name	timestamp	original	error
check.swf	20150125014523	http://dreamwardgames.com/theroomz/check.swf	"RuntimeError(""<HTTPError 404: 'NOT FOUND'>"")"
check.swf	20150125020014	http://dreamwardgames.com/theroomz/check.swf	"RuntimeError(""<HTTPError 404: 'NOT FOUND'>"")"
check.swf	20160602063809	http://dreamwardgames.com/theroomz/check.swf	"RuntimeError(""<HTTPError 404: 'NOT FOUND'>"")"
check.swf	20160602073428	http://dreamwardgames.com/theroomz/check.swf	"RuntimeError(""<HTTPError 404: 'NOT FOUND'>"")"
check.swf	20160602081019	http://dreamwardgames.com/theroomz/check.swf	"RuntimeError(""<HTTPError 404: 'NOT FOUND'>"")"
check.swf	20160805142136	http://dreamwardgames.com/theroomz/check.swf	"RuntimeError(""<HTTPError 404: 'NOT FOUND'>"")"
sciemka.swf	20150125014523	http://dreamwardgames.com/theroomz/sciemka.swf	"RuntimeError(""<HTTPError 404: 'NOT FOUND'>"")"
sciemka.swf	20150125020014	http://dreamwardgames.com/theroomz/sciemka.swf	"RuntimeError(""<HTTPError 404: 'NOT FOUND'>"")"
sciemka.swf	20160602063809	http://dreamwardgames.com/theroomz/sciemka.swf	"RuntimeError(""<HTTPError 404: 'NOT FOUND'>"")"
sciemka.swf	20160602073428	http://dreamwardgames.com/theroomz/sciemka.swf	"RuntimeError(""<HTTPError 404: 'NOT FOUND'>"")"
sciemka.swf	20160602081019	http://dreamwardgames.com/theroomz/sciemka.swf	"RuntimeError(""<HTTPError 404: 'NOT FOUND'>"")"
sciemka.swf	20160805142136	http://dreamwardgames.com/theroomz/sciemka.swf	"RuntimeError(""<HTTPError 404: 'NOT FOUND'>"")"
about.swf	20150125014523	http://dreamwardgames.com/theroomz/about.swf	"RuntimeError(""<HTTPError 404: 'NOT FOUND'>"")"
about.swf	20150125020014	http://dreamwardgames.com/theroomz/about.swf	"RuntimeError(""<HTTPError 404: 'NOT FOUND'>"")"
about.swf	20160602063809	http://dreamwardgames.com/theroomz/about.swf	"RuntimeError(""<HTTPError 404: 'NOT FOUND'>"")"
about.swf	20160602073428	http://dreamwardgames.com/theroomz/about.swf	"RuntimeError(""<HTTPError 404: 'NOT FOUND'>"")"
about.swf	20160602081019	http://dreamwardgames.com/theroomz/about.swf	"RuntimeError(""<HTTPError 404: 'NOT FOUND'>"")"
about.swf	20160805142136	http://dreamwardgames.com/theroomz/about.swf	"RuntimeError(""<HTTPError 404: 'NOT FOUND'>"")"
rules.swf	20150125014523	http://dreamwardgames.com/theroomz/rules.swf	"RuntimeError(""<HTTPError 404: 'NOT FOUND'>"")"
rules.swf	20150125020014	http://dreamwardgames.com/theroomz/rules.swf	"RuntimeError(""URLError(ConnectionRefusedError(111, 'Connection refused'))"")"
rules.swf	20160602063809	http://dreamwardgames.com/theroomz/rules.swf	"RuntimeError(""<HTTPError 404: 'NOT FOUND'>"")"
rules.swf	20160602073428	http://dreamwardgames.com/theroomz/rules.swf	"RuntimeError(""<HTTPError 404: 'NOT FOUND'>"")"
rules.swf	20160602081019	http://dreamwardgames.com/theroomz/rules.swf	"RuntimeError(""<HTTPError 404: 'NOT FOUND'>"")"
rules.swf	20160805142136	http://dreamwardgames.com/theroomz/rules.swf	"RuntimeError(""<HTTPError 404: 'NOT FOUND'>"")"
solutions.swf	20150125014523	http://dreamwardgames.com/theroomz/solutions.swf	"RuntimeError(""URLError(ConnectionRefusedError(111, 'Connection refused'))"")"
solutions.swf	20150125020014	http://dreamwardgames.com/theroomz/solutions.swf	"RuntimeError(""URLError(ConnectionRefusedError(111, 'Connection refused'))"")"
solutions.swf	20160602063809	http://dreamwardgames.com/theroomz/solutions.swf	"RuntimeError(""<HTTPError 404: 'NOT FOUND'>"")"
solutions.swf	20160602073428	http://dreamwardgames.com/theroomz/solutions.swf	"RuntimeError(""<HTTPError 404: 'NOT FOUND'>"")"
solutions.swf	20160602081019	http://dreamwardgames.com/theroomz/solutions.swf	"RuntimeError(""<HTTPError 404: 'NOT FOUND'>"")"
solutions.swf	20160805142136	http://dreamwardgames.com/theroomz/solutions.swf	"RuntimeError(""<HTTPError 404: 'NOT FOUND'>"")"
tescik.swf	20150125014523	http://dreamwardgames.com/theroomz/tescik.swf	"RuntimeError(""<HTTPError 404: 'NOT FOUND'>"")"
tescik.swf	20150125020014	http://dreamwardgames.com/theroomz/tescik.swf	"RuntimeError(""<HTTPError 404: 'NOT FOUND'>"")"
tescik.swf	20160602063809	http://dreamwardgames.com/theroomz/tescik.swf	"RuntimeError(""<HTTPError 404: 'NOT FOUND'>"")"
tescik.swf	20160602073428	http://dreamwardgames.com/theroomz/tescik.swf	"RuntimeError(""<HTTPError 404: 'NOT FOUND'>"")"
tescik.swf	20160602081019	http://dreamwardgames.com/theroomz/tescik.swf	"RuntimeError(""<HTTPError 404: 'NOT FOUND'>"")"
tescik.swf	20160805142136	http://dreamwardgames.com/theroomz/tescik.swf	"RuntimeError(""<HTTPError 404: 'NOT FOUND'>"")"
ile.txt	20150125014523	http://dreamwardgames.com/theroomz/ile.txt	"RuntimeError(""<HTTPError 404: 'NOT FOUND'>"")"
ile.txt	20150125020014	http://dreamwardgames.com/theroomz/ile.txt	"RuntimeError(""<HTTPError 404: 'NOT FOUND'>"")"
ile.txt	20160602063809	http://dreamwardgames.com/theroomz/ile.txt	"RuntimeError(""<HTTPError 404: 'NOT FOUND'>"")"
ile.txt	20160602073428	http://dreamwardgames.com/theroomz/ile.txt	"RuntimeError(""<HTTPError 404: 'NOT FOUND'>"")"
ile.txt	20160602081019	http://dreamwardgames.com/theroomz/ile.txt	"RuntimeError(""<HTTPError 404: 'NOT FOUND'>"")"
ile.txt	20160805142136	http://dreamwardgames.com/theroomz/ile.txt	"RuntimeError(""<HTTPError 404: 'NOT FOUND'>"")"
bonus.txt	20150125014523	http://dreamwardgames.com/theroomz/bonus.txt	"RuntimeError(""<HTTPError 404: 'NOT FOUND'>"")"
bonus.txt	20150125020014	http://dreamwardgames.com/theroomz/bonus.txt	"RuntimeError(""<HTTPError 404: 'NOT FOUND'>"")"
bonus.txt	20160602063809	http://dreamwardgames.com/theroomz/bonus.txt	"RuntimeError(""<HTTPError 404: 'NOT FOUND'>"")"
bonus.txt	20160602073428	http://dreamwardgames.com/theroomz/bonus.txt	"RuntimeError(""<HTTPError 404: 'NOT FOUND'>"")"
bonus.txt	20160602081019	http://dreamwardgames.com/theroomz/bonus.txt	"RuntimeError(""<HTTPError 404: 'NOT FOUND'>"")"
bonus.txt	20160805142136	http://dreamwardgames.com/theroomz/bonus.txt	"RuntimeError(""URLError(ConnectionRefusedError(111, 'Connection refused'))"")"
hof.htm	20150125014523	http://dreamwardgames.com/theroomz/hof.htm	"RuntimeError(""URLError(ConnectionRefusedError(111, 'Connection refused'))"")"
hof.htm	20150125020014	http://dreamwardgames.com/theroomz/hof.htm	"RuntimeError(""URLError(ConnectionRefusedError(111, 'Connection refused'))"")"
hof.htm	20160602063809	http://dreamwardgames.com/theroomz/hof.htm	"RuntimeError(""URLError(ConnectionRefusedError(111, 'Connection refused'))"")"
hof.htm	20160602073428	http://dreamwardgames.com/theroomz/hof.htm	"RuntimeError(""URLError(ConnectionRefusedError(111, 'Connection refused'))"")"
hof.htm	20160602081019	http://dreamwardgames.com/theroomz/hof.htm	"RuntimeError(""<HTTPError 404: 'NOT FOUND'>"")"
hof.htm	20160805142136	http://dreamwardgames.com/theroomz/hof.htm	"RuntimeError(""<HTTPError 404: 'NOT FOUND'>"")"
check.swf	20150125014523	http://dreamward.home.pl/theroomz/check.swf	"RuntimeError(""<HTTPError 404: 'NOT FOUND'>"")"
check.swf	20150125020014	http://dreamward.home.pl/theroomz/check.swf	"RuntimeError(""<HTTPError 404: 'NOT FOUND'>"")"
check.swf	20160602063809	http://dreamward.home.pl/theroomz/check.swf	"RuntimeError(""<HTTPError 404: 'NOT FOUND'>"")"
check.swf	20160602073428	http://dreamward.home.pl/theroomz/check.swf	"RuntimeError(""<HTTPError 404: 'NOT FOUND'>"")"
check.swf	20160602081019	http://dreamward.home.pl/theroomz/check.swf	"RuntimeError(""<HTTPError 404: 'NOT FOUND'>"")"
check.swf	20160805142136	http://dreamward.home.pl/theroomz/check.swf	"RuntimeError(""<HTTPError 404: 'NOT FOUND'>"")"
sciemka.swf	20150125014523	http://dreamward.home.pl/theroomz/sciemka.swf	"RuntimeError(""<HTTPError 404: 'NOT FOUND'>"")"
sciemka.swf	20150125020014	http://dreamward.home.pl/theroomz/sciemka.swf	"RuntimeError(""<HTTPError 404: 'NOT FOUND'>"")"
sciemka.swf	20160602063809	http://dreamward.home.pl/theroomz/sciemka.swf	"RuntimeError(""<HTTPError 404: 'NOT FOUND'>"")"
sciemka.swf	20160602073428	http://dreamward.home.pl/theroomz/sciemka.swf	"RuntimeError(""<HTTPError 404: 'NOT FOUND'>"")"
sciemka.swf	20160602081019	http://dreamward.home.pl/theroomz/sciemka.swf	"RuntimeError(""<HTTPError 404: 'NOT FOUND'>"")"
sciemka.swf	20160805142136	http://dreamward.home.pl/theroomz/sciemka.swf	"RuntimeError(""<HTTPError 404: 'NOT FOUND'>"")"
about.swf	20150125014523	http://dreamward.home.pl/theroomz/about.swf	"RuntimeError(""<HTTPError 404: 'NOT FOUND'>"")"
about.swf	20150125020014	http://dreamward.home.pl/theroomz/about.swf	"RuntimeError(""<HTTPError 404: 'NOT FOUND'>"")"
about.swf	20160602063809	http://dreamward.home.pl/theroomz/about.swf	"RuntimeError(""<HTTPError 404: 'NOT FOUND'>"")"
about.swf	20160602073428	http://dreamward.home.pl/theroomz/about.swf	"RuntimeError(""<HTTPError 404: 'NOT FOUND'>"")"
about.swf	20160602081019	http://dreamward.home.pl/theroomz/about.swf	"RuntimeError(""<HTTPError 404: 'NOT FOUND'>"")"
about.swf	20160805142136	http://dreamward.home.pl/theroomz/about.swf	"RuntimeError(""<HTTPError 404: 'NOT FOUND'>"")"
rules.swf	20150125014523	http://dreamward.home.pl/theroomz/rules.swf	"RuntimeError(""URLError(ConnectionRefusedError(111, 'Connection refused'))"")"
rules.swf	20150125020014	http://dreamward.home.pl/theroomz/rules.swf	"RuntimeError(""URLError(ConnectionRefusedError(111, 'Connection refused'))"")"
rules.swf	20160602063809	http://dreamward.home.pl/theroomz/rules.swf	"RuntimeError(""<HTTPError 404: 'NOT FOUND'>"")"
rules.swf	20160602073428	http://dreamward.home.pl/theroomz/rules.swf	"RuntimeError(""<HTTPError 404: 'NOT FOUND'>"")"
rules.swf	20160602081019	http://dreamward.home.pl/theroomz/rules.swf	"RuntimeError(""<HTTPError 404: 'NOT FOUND'>"")"
rules.swf	20160805142136	http://dreamward.home.pl/theroomz/rules.swf	"RuntimeError(""<HTTPError 404: 'NOT FOUND'>"")"
solutions.swf	20150125014523	http://dreamward.home.pl/theroomz/solutions.swf	"RuntimeError(""<HTTPError 404: 'NOT FOUND'>"")"
solutions.swf	20150125020014	http://dreamward.home.pl/theroomz/solutions.swf	"RuntimeError(""<HTTPError 404: 'NOT FOUND'>"")"
solutions.swf	20160602063809	http://dreamward.home.pl/theroomz/solutions.swf	"RuntimeError(""<HTTPError 404: 'NOT FOUND'>"")"
solutions.swf	20160602073428	http://dreamward.home.pl/theroomz/solutions.swf	"RuntimeError(""<HTTPError 404: 'NOT FOUND'>"")"
solutions.swf	20160602081019	http://dreamward.home.pl/theroomz/solutions.swf	"RuntimeError(""<HTTPError 404: 'NOT FOUND'>"")"
solutions.swf	20160805142136	http://dreamward.home.pl/theroomz/solutions.swf	"RuntimeError(""<HTTPError 404: 'NOT FOUND'>"")"
tescik.swf	20150125014523	http://dreamward.home.pl/theroomz/tescik.swf	"RuntimeError(""<HTTPError 404: 'NOT FOUND'>"")"
tescik.swf	20150125020014	http://dreamward.home.pl/theroomz/tescik.swf	"RuntimeError(""<HTTPError 404: 'NOT FOUND'>"")"
tescik.swf	20160602063809	http://dreamward.home.pl/theroomz/tescik.swf	"RuntimeError(""<HTTPError 404: 'NOT FOUND'>"")"
tescik.swf	20160602073428	http://dreamward.home.pl/theroomz/tescik.swf	"RuntimeError(""<HTTPError 404: 'NOT FOUND'>"")"
tescik.swf	20160602081019	http://dreamward.home.pl/theroomz/tescik.swf	"RuntimeError(""<HTTPError 404: 'NOT FOUND'>"")"
tescik.swf	20160805142136	http://dreamward.home.pl/theroomz/tescik.swf	"RuntimeError(""<HTTPError 404: 'NOT FOUND'>"")"
ile.txt	20150125014523	http://dreamward.home.pl/theroomz/ile.txt	"RuntimeError(""<HTTPError 404: 'NOT FOUND'>"")"
ile.txt	20150125020014	http://dreamward.home.pl/theroomz/ile.txt	"RuntimeError(""<HTTPError 404: 'NOT FOUND'>"")"
ile.txt	20160602063809	http://dreamward.home.pl/theroomz/ile.txt	"RuntimeError(""<HTTPError 404: 'NOT FOUND'>"")"
ile.txt	20160602073428	http://dreamward.home.pl/theroomz/ile.txt	"RuntimeError(""<HTTPError 404: 'NOT FOUND'>"")"
ile.txt	20160602081019	http://dreamward.home.pl/theroomz/ile.txt	"RuntimeError(""URLError(ConnectionRefusedError(111, 'Connection refused'))"")"
ile.txt	20160805142136	http://dreamward.home.pl/theroomz/ile.txt	"RuntimeError(""URLError(ConnectionRefusedError(111, 'Connection refused'))"")"
bonus.txt	20150125014523	http://dreamward.home.pl/theroomz/bonus.txt	"RuntimeError(""URLError(ConnectionRefusedError(111, 'Connection refused'))"")"
bonus.txt	20150125020014	http://dreamward.home.pl/theroomz/bonus.txt	"RuntimeError(""<HTTPError 404: 'NOT FOUND'>"")"
bonus.txt	20160602063809	http://dreamward.home.pl/theroomz/bonus.txt	"RuntimeError(""<HTTPError 404: 'NOT FOUND'>"")"
bonus.txt	20160602073428	http://dreamward.home.pl/theroomz/bonus.txt	"RuntimeError(""<HTTPError 404: 'NOT FOUND'>"")"
bonus.txt	20160602081019	http://dreamward.home.pl/theroomz/bonus.txt	"RuntimeError(""<HTTPError 404: 'NOT FOUND'>"")"
bonus.txt	20160805142136	http://dreamward.home.pl/theroomz/bonus.txt	"RuntimeError(""<HTTPError 404: 'NOT FOUND'>"")"
hof.htm	20150125014523	http://dreamward.home.pl/theroomz/hof.htm	"RuntimeError(""<HTTPError 404: 'NOT FOUND'>"")"
hof.htm	20150125020014	http://dreamward.home.pl/theroomz/hof.htm	"RuntimeError(""<HTTPError 404: 'NOT FOUND'>"")"
hof.htm	20160602063809	http://dreamward.home.pl/theroomz/hof.htm	"RuntimeError(""<HTTPError 404: 'NOT FOUND'>"")"
hof.htm	20160602073428	http://dreamward.home.pl/theroomz/hof.htm	"RuntimeError(""<HTTPError 404: 'NOT FOUND'>"")"
hof.htm	20160602081019	http://dreamward.home.pl/theroomz/hof.htm	"RuntimeError(""<HTTPError 404: 'NOT FOUND'>"")"
hof.htm	20160805142136	http://dreamward.home.pl/theroomz/hof.htm	"RuntimeError(""<HTTPError 404: 'NOT FOUND'>"")"
