timestamp	original	mimetype	bytes	sha256	file	final_url
20160504022936	http://www.theroomz.yoyo.pl/danger/	text/html	25031	d6dbb3744c81fc76d8ad1d180148215fa5cc85a72ee75ee237b5c2dd865a87ce	20160504022936__d6dbb3744c81.html	https://web.archive.org/web/20160504022936id_/http://www.theroomz.yoyo.pl/danger/
20210322112841	http://www.theroomz.yoyo.pl/danger/	text/html	55603	a35d798035caddc9c2bcebfa63677ff659b191663ea670582da7cb090247b5e8	20210322112841__a35d798035ca.html	https://web.archive.org/web/20210322112841id_/http://www.theroomz.yoyo.pl/danger/
20160502013935	http://www.theroomz.yoyo.pl/danger/map.htm/	text/html	25063	b5c1f34c047121d3b96abe633f5ef427fada7adf73dd5b20ca5cfca0c143fdf5	20160502013935__b5c1f34c0471.html	https://web.archive.org/web/20160502013935id_/http://www.theroomz.yoyo.pl/danger/map.htm/
20210321135554	http://www.theroomz.yoyo.pl/danger/map.htm/	text/html	55603	ef0cb09cc7198eddbda7bd35f2e6d25278f2584640bcc08ebf740eebcd60f680	20210321135554__ef0cb09cc719.html	https://web.archive.org/web/20210321135554id_/http://www.theroomz.yoyo.pl/danger/map.htm/
20070212145101	http://www.theroomz.yoyo.pl:80/roomz.htm	text/html	1890	326006a09afd8a8fecb00c0dc12ce8e747e6c9ee12c5ee4aea79e9df3789f943	20070212145101__326006a09afd.html	https://web.archive.org/web/20070212145101id_/http://www.theroomz.yoyo.pl:80/roomz.htm
20070220112512	http://www.theroomz.yoyo.pl:80/roomz.htm	text/html	2254	eba64f669c7cb0ef8d39e5a16eaf544278d8ad47ce0f083707b1b3035f1f01ba	20070220112512__eba64f669c7c.html	https://web.archive.org/web/20070220112512id_/http://www.theroomz.yoyo.pl:80/roomz.htm
20070227224047	http://www.theroomz.yoyo.pl:80/roomz.htm	text/html	2291	96dc42201988dda4797a21a624af8dd0d0718c0618ed7bc4ef1f68cc4d7363d6	20070227224047__96dc42201988.html	https://web.archive.org/web/20070227224047id_/http://www.theroomz.yoyo.pl:80/roomz.htm
20070307144359	http://www.theroomz.yoyo.pl:80/roomz.htm	text/html	2291	3fcdc50da911e8ebe43995dbdd55dc889d84aa8036a25932aaf7dd072cfec6ab	20070307144359__3fcdc50da911.html	https://web.archive.org/web/20070307144359id_/http://www.theroomz.yoyo.pl:80/roomz.htm
20070315080611	http://www.theroomz.yoyo.pl:80/roomz.htm	text/html	2291	b59642bd1ff64861144afa8fb6a78fcf3bed0e6cac95f8ad4c82efb11864e373	20070315080611__b59642bd1ff6.html	https://web.archive.org/web/20070315080611id_/http://www.theroomz.yoyo.pl:80/roomz.htm
20070323131613	http://www.theroomz.yoyo.pl:80/roomz.htm	text/html	1723	5ac5a4ae32f308c761988e8dc89d9fa4f29599638135e83d7cda657cc71b479a	20070323131613__5ac5a4ae32f3.html	https://web.archive.org/web/20070323131613id_/http://www.theroomz.yoyo.pl:80/roomz.htm
20070408021203	http://www.theroomz.yoyo.pl:80/roomz.htm	text/html	2461	377d419c1867936d6f26ca77d187ec352650d7adbc21d6e6b8805dc70240c0ed	20070408021203__377d419c1867.html	https://web.archive.org/web/20070408021203id_/http://www.theroomz.yoyo.pl:80/roomz.htm
20070509150022	http://www.theroomz.yoyo.pl:80/roomz.htm	text/html	1926	066de84e2578b26f8100fb9e82d16984814f433d395a746a21189c32a45ed3c1	20070509150022__066de84e2578.html	https://web.archive.org/web/20070509150022id_/http://www.theroomz.yoyo.pl:80/roomz.htm
20070525170113	http://www.theroomz.yoyo.pl:80/roomz.htm	text/html	2732	ea0e990672e282769eb5128ff817c726819996b7ff1494195404654a4ea49e29	20070525170113__ea0e990672e2.html	https://web.archive.org/web/20070525170113id_/http://www.theroomz.yoyo.pl:80/roomz.htm
20070703063940	http://www.theroomz.yoyo.pl:80/roomz.htm	text/html	2856	3b1d0ff0cf8691739c9f55596f60425f47ad87778353d1576d72f2529eb34bec	20070703063940__3b1d0ff0cf86.html	https://web.archive.org/web/20070703063940id_/http://www.theroomz.yoyo.pl:80/roomz.htm
20121106220606	http://www.theroomz.yoyo.pl/roomz.htm	text/html	4437	9d31bf07019eb83c785dbfe55588c3658d67078ee3ebee13b60e8c2935c9ba65	20121106220606__9d31bf07019e.html	https://web.archive.org/web/20121106220606id_/http://www.theroomz.yoyo.pl/roomz.htm
20210428210620	http://www.theroomz.yoyo.pl/roomz.htm	text/html	55629	e590f48edec10a2ceca404cd9c48267c5e4a5750ffbe0dae3a2d9b2effe610a7	20210428210620__e590f48edec1.html	https://web.archive.org/web/20210428210620id_/http://www.theroomz.yoyo.pl/roomz.htm
20210911012327	http://www.theroomz.yoyo.pl/roomz.htm	text/html	55567	6cf0bab45a0a53b802672e8c6b0b0e9f627947c70ac2d6aa81c49b020da39c23	20210911012327__6cf0bab45a0a.html	https://web.archive.org/web/20210911012327id_/http://www.theroomz.yoyo.pl/roomz.htm
20211116064822	http://www.theroomz.yoyo.pl/roomz.htm	text/html	54179	cf82687973da92f4ad7675a318f8e062c7238c27cb6717cf662647691a251fd2	20211116064822__cf82687973da.html	https://web.archive.org/web/20211116064822id_/http://www.theroomz.yoyo.pl/roomz.htm
20220523160347	http://www.theroomz.yoyo.pl/roomz.htm	text/html	55000	5c8c6980356da1edd77c31998a40e16bbeadb658d15fc5b5f9bec5a74c09cddf	20220523160347__5c8c6980356d.html	https://web.archive.org/web/20220523160347id_/http://www.theroomz.yoyo.pl/roomz.htm
