timestamp	page	roomz_url	saved_snapshot
20071010100748	http://jayisgames.com/archives/2007/02/	/addtofavorites.php?game=theroomz	research/jayisgames-early-history/20071010100748__b10c592724ed.html
20071010100748	http://jayisgames.com/archives/2007/02/	http://www.theroomz.yoyo.pl/roomz.htm	research/jayisgames-early-history/20071010100748__b10c592724ed.html
20071010100748	http://jayisgames.com/archives/2007/02/	http://www.theroomz.yoyo.pl/roomz.htm	research/jayisgames-early-history/20071010100748__b10c592724ed.html
20071010100748	http://jayisgames.com/archives/2007/02/	http://www.theroomz.yoyo.pl/roomz.htm	research/jayisgames-early-history/20071010100748__b10c592724ed.html
20080703211921	http://jayisgames.com:80/archives/2007/02/	/addtofavorites.php?game=theroomz	research/jayisgames-early-history/20080703211921__87b902024b6c.html
20080703211921	http://jayisgames.com:80/archives/2007/02/	http://www.theroomz.yoyo.pl/roomz.htm	research/jayisgames-early-history/20080703211921__87b902024b6c.html
20080703211921	http://jayisgames.com:80/archives/2007/02/	http://www.theroomz.yoyo.pl/roomz.htm	research/jayisgames-early-history/20080703211921__87b902024b6c.html
20080703211921	http://jayisgames.com:80/archives/2007/02/	http://www.theroomz.yoyo.pl/roomz.htm	research/jayisgames-early-history/20080703211921__87b902024b6c.html
20080705055211	http://jayisgames.com:80/archives/2007/02/	/addtofavorites.php?game=theroomz	research/jayisgames-early-history/20080705055211__b1c98d785af9.html
20080705055211	http://jayisgames.com:80/archives/2007/02/	http://www.theroomz.yoyo.pl/roomz.htm	research/jayisgames-early-history/20080705055211__b1c98d785af9.html
20080705055211	http://jayisgames.com:80/archives/2007/02/	http://www.theroomz.yoyo.pl/roomz.htm	research/jayisgames-early-history/20080705055211__b1c98d785af9.html
20080705055211	http://jayisgames.com:80/archives/2007/02/	http://www.theroomz.yoyo.pl/roomz.htm	research/jayisgames-early-history/20080705055211__b1c98d785af9.html
20080710033723	http://jayisgames.com:80/archives/2007/02/	/addtofavorites.php?game=theroomz	research/jayisgames-early-history/20080710033723__17d846327072.html
20080710033723	http://jayisgames.com:80/archives/2007/02/	http://www.theroomz.yoyo.pl/roomz.htm	research/jayisgames-early-history/20080710033723__17d846327072.html
20080710033723	http://jayisgames.com:80/archives/2007/02/	http://www.theroomz.yoyo.pl/roomz.htm	research/jayisgames-early-history/20080710033723__17d846327072.html
20080710033723	http://jayisgames.com:80/archives/2007/02/	http://www.theroomz.yoyo.pl/roomz.htm	research/jayisgames-early-history/20080710033723__17d846327072.html
20080711180421	http://jayisgames.com:80/archives/2007/02/	/addtofavorites.php?game=theroomz	research/jayisgames-early-history/20080711180421__e36a1a0be9c1.html
20080711180421	http://jayisgames.com:80/archives/2007/02/	http://www.theroomz.yoyo.pl/roomz.htm	research/jayisgames-early-history/20080711180421__e36a1a0be9c1.html
20080711180421	http://jayisgames.com:80/archives/2007/02/	http://www.theroomz.yoyo.pl/roomz.htm	research/jayisgames-early-history/20080711180421__e36a1a0be9c1.html
20080711180421	http://jayisgames.com:80/archives/2007/02/	http://www.theroomz.yoyo.pl/roomz.htm	research/jayisgames-early-history/20080711180421__e36a1a0be9c1.html
20080712232245	http://jayisgames.com:80/archives/2007/02/	/addtofavorites.php?game=theroomz	research/jayisgames-early-history/20080712232245__19bba79d08a2.html
20080712232245	http://jayisgames.com:80/archives/2007/02/	http://www.theroomz.yoyo.pl/roomz.htm	research/jayisgames-early-history/20080712232245__19bba79d08a2.html
20080712232245	http://jayisgames.com:80/archives/2007/02/	http://www.theroomz.yoyo.pl/roomz.htm	research/jayisgames-early-history/20080712232245__19bba79d08a2.html
20080712232245	http://jayisgames.com:80/archives/2007/02/	http://www.theroomz.yoyo.pl/roomz.htm	research/jayisgames-early-history/20080712232245__19bba79d08a2.html
20080722214920	http://jayisgames.com:80/archives/2007/02/	/addtofavorites.php?game=theroomz	research/jayisgames-early-history/20080722214920__d51a80107967.html
20080722214920	http://jayisgames.com:80/archives/2007/02/	http://www.theroomz.yoyo.pl/roomz.htm	research/jayisgames-early-history/20080722214920__d51a80107967.html
20080722214920	http://jayisgames.com:80/archives/2007/02/	http://www.theroomz.yoyo.pl/roomz.htm	research/jayisgames-early-history/20080722214920__d51a80107967.html
20080722214920	http://jayisgames.com:80/archives/2007/02/	http://www.theroomz.yoyo.pl/roomz.htm	research/jayisgames-early-history/20080722214920__d51a80107967.html
20080725074744	http://jayisgames.com:80/archives/2007/02/	/addtofavorites.php?game=theroomz	research/jayisgames-early-history/20080725074744__966c9478957e.html
20080725074744	http://jayisgames.com:80/archives/2007/02/	http://www.theroomz.yoyo.pl/roomz.htm	research/jayisgames-early-history/20080725074744__966c9478957e.html
20080725074744	http://jayisgames.com:80/archives/2007/02/	http://www.theroomz.yoyo.pl/roomz.htm	research/jayisgames-early-history/20080725074744__966c9478957e.html
20080725074744	http://jayisgames.com:80/archives/2007/02/	http://www.theroomz.yoyo.pl/roomz.htm	research/jayisgames-early-history/20080725074744__966c9478957e.html
20080726182200	http://jayisgames.com:80/archives/2007/02/	/addtofavorites.php?game=theroomz	research/jayisgames-early-history/20080726182200__4e100b942122.html
20080726182200	http://jayisgames.com:80/archives/2007/02/	http://www.theroomz.yoyo.pl/roomz.htm	research/jayisgames-early-history/20080726182200__4e100b942122.html
20080726182200	http://jayisgames.com:80/archives/2007/02/	http://www.theroomz.yoyo.pl/roomz.htm	research/jayisgames-early-history/20080726182200__4e100b942122.html
20080726182200	http://jayisgames.com:80/archives/2007/02/	http://www.theroomz.yoyo.pl/roomz.htm	research/jayisgames-early-history/20080726182200__4e100b942122.html
20080727231136	http://jayisgames.com:80/archives/2007/02/	/addtofavorites.php?game=theroomz	research/jayisgames-early-history/20080727231136__583634b95cd0.html
20080727231136	http://jayisgames.com:80/archives/2007/02/	http://www.theroomz.yoyo.pl/roomz.htm	research/jayisgames-early-history/20080727231136__583634b95cd0.html
20080727231136	http://jayisgames.com:80/archives/2007/02/	http://www.theroomz.yoyo.pl/roomz.htm	research/jayisgames-early-history/20080727231136__583634b95cd0.html
20080727231136	http://jayisgames.com:80/archives/2007/02/	http://www.theroomz.yoyo.pl/roomz.htm	research/jayisgames-early-history/20080727231136__583634b95cd0.html
20080729042257	http://jayisgames.com:80/archives/2007/02/	/addtofavorites.php?game=theroomz	research/jayisgames-early-history/20080729042257__5703fa4982fb.html
20080729042257	http://jayisgames.com:80/archives/2007/02/	http://www.theroomz.yoyo.pl/roomz.htm	research/jayisgames-early-history/20080729042257__5703fa4982fb.html
20080729042257	http://jayisgames.com:80/archives/2007/02/	http://www.theroomz.yoyo.pl/roomz.htm	research/jayisgames-early-history/20080729042257__5703fa4982fb.html
20080729042257	http://jayisgames.com:80/archives/2007/02/	http://www.theroomz.yoyo.pl/roomz.htm	research/jayisgames-early-history/20080729042257__5703fa4982fb.html
20080731092141	http://jayisgames.com:80/archives/2007/02/	/addtofavorites.php?game=theroomz	research/jayisgames-early-history/20080731092141__834247af7b00.html
20080731092141	http://jayisgames.com:80/archives/2007/02/	http://www.theroomz.yoyo.pl/roomz.htm	research/jayisgames-early-history/20080731092141__834247af7b00.html
20080731092141	http://jayisgames.com:80/archives/2007/02/	http://www.theroomz.yoyo.pl/roomz.htm	research/jayisgames-early-history/20080731092141__834247af7b00.html
20080731092141	http://jayisgames.com:80/archives/2007/02/	http://www.theroomz.yoyo.pl/roomz.htm	research/jayisgames-early-history/20080731092141__834247af7b00.html
20080802231633	http://jayisgames.com:80/archives/2007/02/	/addtofavorites.php?game=theroomz	research/jayisgames-early-history/20080802231633__c438bdecdaf3.html
20080802231633	http://jayisgames.com:80/archives/2007/02/	http://www.theroomz.yoyo.pl/roomz.htm	research/jayisgames-early-history/20080802231633__c438bdecdaf3.html
20080802231633	http://jayisgames.com:80/archives/2007/02/	http://www.theroomz.yoyo.pl/roomz.htm	research/jayisgames-early-history/20080802231633__c438bdecdaf3.html
20080802231633	http://jayisgames.com:80/archives/2007/02/	http://www.theroomz.yoyo.pl/roomz.htm	research/jayisgames-early-history/20080802231633__c438bdecdaf3.html
20080806231132	http://jayisgames.com:80/archives/2007/02/	/addtofavorites.php?game=theroomz	research/jayisgames-early-history/20080806231132__8b5b39392e65.html
20080806231132	http://jayisgames.com:80/archives/2007/02/	http://www.theroomz.yoyo.pl/roomz.htm	research/jayisgames-early-history/20080806231132__8b5b39392e65.html
20080806231132	http://jayisgames.com:80/archives/2007/02/	http://www.theroomz.yoyo.pl/roomz.htm	research/jayisgames-early-history/20080806231132__8b5b39392e65.html
20080806231132	http://jayisgames.com:80/archives/2007/02/	http://www.theroomz.yoyo.pl/roomz.htm	research/jayisgames-early-history/20080806231132__8b5b39392e65.html
20080808012726	http://jayisgames.com:80/archives/2007/02/	/addtofavorites.php?game=theroomz	research/jayisgames-early-history/20080808012726__76a013448cb2.html
20080808012726	http://jayisgames.com:80/archives/2007/02/	http://www.theroomz.yoyo.pl/roomz.htm	research/jayisgames-early-history/20080808012726__76a013448cb2.html
20080808012726	http://jayisgames.com:80/archives/2007/02/	http://www.theroomz.yoyo.pl/roomz.htm	research/jayisgames-early-history/20080808012726__76a013448cb2.html
20080808012726	http://jayisgames.com:80/archives/2007/02/	http://www.theroomz.yoyo.pl/roomz.htm	research/jayisgames-early-history/20080808012726__76a013448cb2.html
20080812034302	http://jayisgames.com:80/archives/2007/02/	/addtofavorites.php?game=theroomz	research/jayisgames-early-history/20080812034302__9b966fe04813.html
20080812034302	http://jayisgames.com:80/archives/2007/02/	http://www.theroomz.yoyo.pl/roomz.htm	research/jayisgames-early-history/20080812034302__9b966fe04813.html
20080812034302	http://jayisgames.com:80/archives/2007/02/	http://www.theroomz.yoyo.pl/roomz.htm	research/jayisgames-early-history/20080812034302__9b966fe04813.html
20080812034302	http://jayisgames.com:80/archives/2007/02/	http://www.theroomz.yoyo.pl/roomz.htm	research/jayisgames-early-history/20080812034302__9b966fe04813.html
20080813083413	http://jayisgames.com:80/archives/2007/02/	/addtofavorites.php?game=theroomz	research/jayisgames-early-history/20080813083413__80db18f0898c.html
20080813083413	http://jayisgames.com:80/archives/2007/02/	http://www.theroomz.yoyo.pl/roomz.htm	research/jayisgames-early-history/20080813083413__80db18f0898c.html
20080813083413	http://jayisgames.com:80/archives/2007/02/	http://www.theroomz.yoyo.pl/roomz.htm	research/jayisgames-early-history/20080813083413__80db18f0898c.html
20080813083413	http://jayisgames.com:80/archives/2007/02/	http://www.theroomz.yoyo.pl/roomz.htm	research/jayisgames-early-history/20080813083413__80db18f0898c.html
20080814132039	http://jayisgames.com:80/archives/2007/02/	/addtofavorites.php?game=theroomz	research/jayisgames-early-history/20080814132039__e0d0d1ae3f66.html
20080814132039	http://jayisgames.com:80/archives/2007/02/	http://www.theroomz.yoyo.pl/roomz.htm	research/jayisgames-early-history/20080814132039__e0d0d1ae3f66.html
20080814132039	http://jayisgames.com:80/archives/2007/02/	http://www.theroomz.yoyo.pl/roomz.htm	research/jayisgames-early-history/20080814132039__e0d0d1ae3f66.html
20080814132039	http://jayisgames.com:80/archives/2007/02/	http://www.theroomz.yoyo.pl/roomz.htm	research/jayisgames-early-history/20080814132039__e0d0d1ae3f66.html
20080815202946	http://jayisgames.com:80/archives/2007/02/	/addtofavorites.php?game=theroomz	research/jayisgames-early-history/20080815202946__136a6fa9aca1.html
20080815202946	http://jayisgames.com:80/archives/2007/02/	http://www.theroomz.yoyo.pl/roomz.htm	research/jayisgames-early-history/20080815202946__136a6fa9aca1.html
20080815202946	http://jayisgames.com:80/archives/2007/02/	http://www.theroomz.yoyo.pl/roomz.htm	research/jayisgames-early-history/20080815202946__136a6fa9aca1.html
20080815202946	http://jayisgames.com:80/archives/2007/02/	http://www.theroomz.yoyo.pl/roomz.htm	research/jayisgames-early-history/20080815202946__136a6fa9aca1.html
20080817031202	http://jayisgames.com:80/archives/2007/02/	/addtofavorites.php?game=theroomz	research/jayisgames-early-history/20080817031202__1e9573d5901c.html
20080817031202	http://jayisgames.com:80/archives/2007/02/	http://www.theroomz.yoyo.pl/roomz.htm	research/jayisgames-early-history/20080817031202__1e9573d5901c.html
20080817031202	http://jayisgames.com:80/archives/2007/02/	http://www.theroomz.yoyo.pl/roomz.htm	research/jayisgames-early-history/20080817031202__1e9573d5901c.html
20080817031202	http://jayisgames.com:80/archives/2007/02/	http://www.theroomz.yoyo.pl/roomz.htm	research/jayisgames-early-history/20080817031202__1e9573d5901c.html
20080818144754	http://jayisgames.com:80/archives/2007/02/	/addtofavorites.php?game=theroomz	research/jayisgames-early-history/20080818144754__3157b8069f26.html
20080818144754	http://jayisgames.com:80/archives/2007/02/	http://www.theroomz.yoyo.pl/roomz.htm	research/jayisgames-early-history/20080818144754__3157b8069f26.html
20080818144754	http://jayisgames.com:80/archives/2007/02/	http://www.theroomz.yoyo.pl/roomz.htm	research/jayisgames-early-history/20080818144754__3157b8069f26.html
20080818144754	http://jayisgames.com:80/archives/2007/02/	http://www.theroomz.yoyo.pl/roomz.htm	research/jayisgames-early-history/20080818144754__3157b8069f26.html
20080819192310	http://jayisgames.com:80/archives/2007/02/	/addtofavorites.php?game=theroomz	research/jayisgames-early-history/20080819192310__6854988e8c52.html
20080819192310	http://jayisgames.com:80/archives/2007/02/	http://www.theroomz.yoyo.pl/roomz.htm	research/jayisgames-early-history/20080819192310__6854988e8c52.html
20080819192310	http://jayisgames.com:80/archives/2007/02/	http://www.theroomz.yoyo.pl/roomz.htm	research/jayisgames-early-history/20080819192310__6854988e8c52.html
20080819192310	http://jayisgames.com:80/archives/2007/02/	http://www.theroomz.yoyo.pl/roomz.htm	research/jayisgames-early-history/20080819192310__6854988e8c52.html
20080820231704	http://jayisgames.com:80/archives/2007/02/	/addtofavorites.php?game=theroomz	research/jayisgames-early-history/20080820231704__ef3801596b71.html
20080820231704	http://jayisgames.com:80/archives/2007/02/	http://www.theroomz.yoyo.pl/roomz.htm	research/jayisgames-early-history/20080820231704__ef3801596b71.html
20080820231704	http://jayisgames.com:80/archives/2007/02/	http://www.theroomz.yoyo.pl/roomz.htm	research/jayisgames-early-history/20080820231704__ef3801596b71.html
20080820231704	http://jayisgames.com:80/archives/2007/02/	http://www.theroomz.yoyo.pl/roomz.htm	research/jayisgames-early-history/20080820231704__ef3801596b71.html
20080822154239	http://jayisgames.com:80/archives/2007/02/	/addtofavorites.php?game=theroomz	research/jayisgames-early-history/20080822154239__92fa43c3613d.html
20080822154239	http://jayisgames.com:80/archives/2007/02/	http://www.theroomz.yoyo.pl/roomz.htm	research/jayisgames-early-history/20080822154239__92fa43c3613d.html
20080822154239	http://jayisgames.com:80/archives/2007/02/	http://www.theroomz.yoyo.pl/roomz.htm	research/jayisgames-early-history/20080822154239__92fa43c3613d.html
20080822154239	http://jayisgames.com:80/archives/2007/02/	http://www.theroomz.yoyo.pl/roomz.htm	research/jayisgames-early-history/20080822154239__92fa43c3613d.html
20080823175609	http://jayisgames.com:80/archives/2007/02/	/addtofavorites.php?game=theroomz	research/jayisgames-early-history/20080823175609__faf07d4b788e.html
20080823175609	http://jayisgames.com:80/archives/2007/02/	http://www.theroomz.yoyo.pl/roomz.htm	research/jayisgames-early-history/20080823175609__faf07d4b788e.html
20080823175609	http://jayisgames.com:80/archives/2007/02/	http://www.theroomz.yoyo.pl/roomz.htm	research/jayisgames-early-history/20080823175609__faf07d4b788e.html
20080823175609	http://jayisgames.com:80/archives/2007/02/	http://www.theroomz.yoyo.pl/roomz.htm	research/jayisgames-early-history/20080823175609__faf07d4b788e.html
20080824200339	http://jayisgames.com:80/archives/2007/02/	/addtofavorites.php?game=theroomz	research/jayisgames-early-history/20080824200339__437b844fb475.html
20080824200339	http://jayisgames.com:80/archives/2007/02/	http://www.theroomz.yoyo.pl/roomz.htm	research/jayisgames-early-history/20080824200339__437b844fb475.html
20080824200339	http://jayisgames.com:80/archives/2007/02/	http://www.theroomz.yoyo.pl/roomz.htm	research/jayisgames-early-history/20080824200339__437b844fb475.html
20080824200339	http://jayisgames.com:80/archives/2007/02/	http://www.theroomz.yoyo.pl/roomz.htm	research/jayisgames-early-history/20080824200339__437b844fb475.html
20080826014715	http://jayisgames.com:80/archives/2007/02/	/addtofavorites.php?game=theroomz	research/jayisgames-early-history/20080826014715__940c1d4c9aa1.html
20080826014715	http://jayisgames.com:80/archives/2007/02/	http://www.theroomz.yoyo.pl/roomz.htm	research/jayisgames-early-history/20080826014715__940c1d4c9aa1.html
20080826014715	http://jayisgames.com:80/archives/2007/02/	http://www.theroomz.yoyo.pl/roomz.htm	research/jayisgames-early-history/20080826014715__940c1d4c9aa1.html
20080826014715	http://jayisgames.com:80/archives/2007/02/	http://www.theroomz.yoyo.pl/roomz.htm	research/jayisgames-early-history/20080826014715__940c1d4c9aa1.html
20080827062553	http://jayisgames.com:80/archives/2007/02/	/addtofavorites.php?game=theroomz	research/jayisgames-early-history/20080827062553__eddad9888e6b.html
20080827062553	http://jayisgames.com:80/archives/2007/02/	http://www.theroomz.yoyo.pl/roomz.htm	research/jayisgames-early-history/20080827062553__eddad9888e6b.html
20080827062553	http://jayisgames.com:80/archives/2007/02/	http://www.theroomz.yoyo.pl/roomz.htm	research/jayisgames-early-history/20080827062553__eddad9888e6b.html
20080827062553	http://jayisgames.com:80/archives/2007/02/	http://www.theroomz.yoyo.pl/roomz.htm	research/jayisgames-early-history/20080827062553__eddad9888e6b.html
20080830124518	http://jayisgames.com:80/archives/2007/02/	/addtofavorites.php?game=theroomz	research/jayisgames-early-history/20080830124518__9fdf108bc91d.html
20080830124518	http://jayisgames.com:80/archives/2007/02/	http://www.theroomz.yoyo.pl/roomz.htm	research/jayisgames-early-history/20080830124518__9fdf108bc91d.html
20080830124518	http://jayisgames.com:80/archives/2007/02/	http://www.theroomz.yoyo.pl/roomz.htm	research/jayisgames-early-history/20080830124518__9fdf108bc91d.html
20080830124518	http://jayisgames.com:80/archives/2007/02/	http://www.theroomz.yoyo.pl/roomz.htm	research/jayisgames-early-history/20080830124518__9fdf108bc91d.html
20080831165017	http://jayisgames.com:80/archives/2007/02/	/addtofavorites.php?game=theroomz	research/jayisgames-early-history/20080831165017__1d5afe60171f.html
20080831165017	http://jayisgames.com:80/archives/2007/02/	http://www.theroomz.yoyo.pl/roomz.htm	research/jayisgames-early-history/20080831165017__1d5afe60171f.html
20080831165017	http://jayisgames.com:80/archives/2007/02/	http://www.theroomz.yoyo.pl/roomz.htm	research/jayisgames-early-history/20080831165017__1d5afe60171f.html
20080831165017	http://jayisgames.com:80/archives/2007/02/	http://www.theroomz.yoyo.pl/roomz.htm	research/jayisgames-early-history/20080831165017__1d5afe60171f.html
20080901210744	http://jayisgames.com:80/archives/2007/02/	/addtofavorites.php?game=theroomz	research/jayisgames-early-history/20080901210744__e67c41bc99fb.html
20080901210744	http://jayisgames.com:80/archives/2007/02/	http://www.theroomz.yoyo.pl/roomz.htm	research/jayisgames-early-history/20080901210744__e67c41bc99fb.html
20080901210744	http://jayisgames.com:80/archives/2007/02/	http://www.theroomz.yoyo.pl/roomz.htm	research/jayisgames-early-history/20080901210744__e67c41bc99fb.html
20080901210744	http://jayisgames.com:80/archives/2007/02/	http://www.theroomz.yoyo.pl/roomz.htm	research/jayisgames-early-history/20080901210744__e67c41bc99fb.html
20080903020303	http://jayisgames.com:80/archives/2007/02/	/addtofavorites.php?game=theroomz	research/jayisgames-early-history/20080903020303__406964cf6cd0.html
20080903020303	http://jayisgames.com:80/archives/2007/02/	http://www.theroomz.yoyo.pl/roomz.htm	research/jayisgames-early-history/20080903020303__406964cf6cd0.html
20080903020303	http://jayisgames.com:80/archives/2007/02/	http://www.theroomz.yoyo.pl/roomz.htm	research/jayisgames-early-history/20080903020303__406964cf6cd0.html
20080903020303	http://jayisgames.com:80/archives/2007/02/	http://www.theroomz.yoyo.pl/roomz.htm	research/jayisgames-early-history/20080903020303__406964cf6cd0.html
20080904034819	http://jayisgames.com:80/archives/2007/02/	/addtofavorites.php?game=theroomz	research/jayisgames-early-history/20080904034819__38098f7c5c60.html
20080904034819	http://jayisgames.com:80/archives/2007/02/	http://www.theroomz.yoyo.pl/roomz.htm	research/jayisgames-early-history/20080904034819__38098f7c5c60.html
20080904034819	http://jayisgames.com:80/archives/2007/02/	http://www.theroomz.yoyo.pl/roomz.htm	research/jayisgames-early-history/20080904034819__38098f7c5c60.html
20080904034819	http://jayisgames.com:80/archives/2007/02/	http://www.theroomz.yoyo.pl/roomz.htm	research/jayisgames-early-history/20080904034819__38098f7c5c60.html
20080905111142	http://jayisgames.com:80/archives/2007/02/	/addtofavorites.php?game=theroomz	research/jayisgames-early-history/20080905111142__505766d6eeed.html
20080905111142	http://jayisgames.com:80/archives/2007/02/	http://www.theroomz.yoyo.pl/roomz.htm	research/jayisgames-early-history/20080905111142__505766d6eeed.html
20080905111142	http://jayisgames.com:80/archives/2007/02/	http://www.theroomz.yoyo.pl/roomz.htm	research/jayisgames-early-history/20080905111142__505766d6eeed.html
20080905111142	http://jayisgames.com:80/archives/2007/02/	http://www.theroomz.yoyo.pl/roomz.htm	research/jayisgames-early-history/20080905111142__505766d6eeed.html
20080906151619	http://jayisgames.com:80/archives/2007/02/	/addtofavorites.php?game=theroomz	research/jayisgames-early-history/20080906151619__5ed05df0b271.html
20080906151619	http://jayisgames.com:80/archives/2007/02/	http://www.theroomz.yoyo.pl/roomz.htm	research/jayisgames-early-history/20080906151619__5ed05df0b271.html
20080906151619	http://jayisgames.com:80/archives/2007/02/	http://www.theroomz.yoyo.pl/roomz.htm	research/jayisgames-early-history/20080906151619__5ed05df0b271.html
20080906151619	http://jayisgames.com:80/archives/2007/02/	http://www.theroomz.yoyo.pl/roomz.htm	research/jayisgames-early-history/20080906151619__5ed05df0b271.html
20080908021459	http://jayisgames.com:80/archives/2007/02/	/addtofavorites.php?game=theroomz	research/jayisgames-early-history/20080908021459__58683a879223.html
20080908021459	http://jayisgames.com:80/archives/2007/02/	http://www.theroomz.yoyo.pl/roomz.htm	research/jayisgames-early-history/20080908021459__58683a879223.html
20080908021459	http://jayisgames.com:80/archives/2007/02/	http://www.theroomz.yoyo.pl/roomz.htm	research/jayisgames-early-history/20080908021459__58683a879223.html
20080908021459	http://jayisgames.com:80/archives/2007/02/	http://www.theroomz.yoyo.pl/roomz.htm	research/jayisgames-early-history/20080908021459__58683a879223.html
20080909095328	http://jayisgames.com:80/archives/2007/02/	/addtofavorites.php?game=theroomz	research/jayisgames-early-history/20080909095328__630193a79349.html
20080909095328	http://jayisgames.com:80/archives/2007/02/	http://www.theroomz.yoyo.pl/roomz.htm	research/jayisgames-early-history/20080909095328__630193a79349.html
20080909095328	http://jayisgames.com:80/archives/2007/02/	http://www.theroomz.yoyo.pl/roomz.htm	research/jayisgames-early-history/20080909095328__630193a79349.html
20080909095328	http://jayisgames.com:80/archives/2007/02/	http://www.theroomz.yoyo.pl/roomz.htm	research/jayisgames-early-history/20080909095328__630193a79349.html
20080910134005	http://jayisgames.com:80/archives/2007/02/	/addtofavorites.php?game=theroomz	research/jayisgames-early-history/20080910134005__9605c45a698b.html
20080910134005	http://jayisgames.com:80/archives/2007/02/	http://www.theroomz.yoyo.pl/roomz.htm	research/jayisgames-early-history/20080910134005__9605c45a698b.html
20080910134005	http://jayisgames.com:80/archives/2007/02/	http://www.theroomz.yoyo.pl/roomz.htm	research/jayisgames-early-history/20080910134005__9605c45a698b.html
20080910134005	http://jayisgames.com:80/archives/2007/02/	http://www.theroomz.yoyo.pl/roomz.htm	research/jayisgames-early-history/20080910134005__9605c45a698b.html
20080911180750	http://jayisgames.com:80/archives/2007/02/	/addtofavorites.php?game=theroomz	research/jayisgames-early-history/20080911180750__1c0544efbcc1.html
20080911180750	http://jayisgames.com:80/archives/2007/02/	http://www.theroomz.yoyo.pl/roomz.htm	research/jayisgames-early-history/20080911180750__1c0544efbcc1.html
20080911180750	http://jayisgames.com:80/archives/2007/02/	http://www.theroomz.yoyo.pl/roomz.htm	research/jayisgames-early-history/20080911180750__1c0544efbcc1.html
20080911180750	http://jayisgames.com:80/archives/2007/02/	http://www.theroomz.yoyo.pl/roomz.htm	research/jayisgames-early-history/20080911180750__1c0544efbcc1.html
20080912195953	http://jayisgames.com:80/archives/2007/02/	/addtofavorites.php?game=theroomz	research/jayisgames-early-history/20080912195953__4706b3ca39d6.html
20080912195953	http://jayisgames.com:80/archives/2007/02/	http://www.theroomz.yoyo.pl/roomz.htm	research/jayisgames-early-history/20080912195953__4706b3ca39d6.html
20080912195953	http://jayisgames.com:80/archives/2007/02/	http://www.theroomz.yoyo.pl/roomz.htm	research/jayisgames-early-history/20080912195953__4706b3ca39d6.html
20080912195953	http://jayisgames.com:80/archives/2007/02/	http://www.theroomz.yoyo.pl/roomz.htm	research/jayisgames-early-history/20080912195953__4706b3ca39d6.html
20081217092534	http://jayisgames.com:80/archives/2007/02/	/addtofavorites.php?game=theroomz	research/jayisgames-early-history/20081217092534__21bda8609f38.html
20081217092534	http://jayisgames.com:80/archives/2007/02/	http://www.theroomz.yoyo.pl/roomz.htm	research/jayisgames-early-history/20081217092534__21bda8609f38.html
20081217092534	http://jayisgames.com:80/archives/2007/02/	http://www.theroomz.yoyo.pl/roomz.htm	research/jayisgames-early-history/20081217092534__21bda8609f38.html
20081217092534	http://jayisgames.com:80/archives/2007/02/	http://www.theroomz.yoyo.pl/roomz.htm	research/jayisgames-early-history/20081217092534__21bda8609f38.html
20090215234727	http://jayisgames.com:80/archives/2007/02/	/addtofavorites.php?game=theroomz	research/jayisgames-early-history/20090215234727__6e8854f1f018.html
20090215234727	http://jayisgames.com:80/archives/2007/02/	http://www.theroomz.yoyo.pl/roomz.htm	research/jayisgames-early-history/20090215234727__6e8854f1f018.html
20090215234727	http://jayisgames.com:80/archives/2007/02/	http://www.theroomz.yoyo.pl/roomz.htm	research/jayisgames-early-history/20090215234727__6e8854f1f018.html
20090215234727	http://jayisgames.com:80/archives/2007/02/	http://www.theroomz.yoyo.pl/roomz.htm	research/jayisgames-early-history/20090215234727__6e8854f1f018.html
20090224153032	http://jayisgames.com:80/archives/2007/02/	/addtofavorites.php?game=theroomz	research/jayisgames-early-history/20090224153032__c1392b0efabd.html
20090224153032	http://jayisgames.com:80/archives/2007/02/	http://www.theroomz.yoyo.pl/roomz.htm	research/jayisgames-early-history/20090224153032__c1392b0efabd.html
20090224153032	http://jayisgames.com:80/archives/2007/02/	http://www.theroomz.yoyo.pl/roomz.htm	research/jayisgames-early-history/20090224153032__c1392b0efabd.html
20090224153032	http://jayisgames.com:80/archives/2007/02/	http://www.theroomz.yoyo.pl/roomz.htm	research/jayisgames-early-history/20090224153032__c1392b0efabd.html
20090627091901	http://jayisgames.com:80/archives/2007/02/	/addtofavorites.php?game=theroomz	research/jayisgames-early-history/20090627091901__7baee984b8d0.html
20090627091901	http://jayisgames.com:80/archives/2007/02/	http://www.theroomz.yoyo.pl/roomz.htm	research/jayisgames-early-history/20090627091901__7baee984b8d0.html
20090627091901	http://jayisgames.com:80/archives/2007/02/	http://www.theroomz.yoyo.pl/roomz.htm	research/jayisgames-early-history/20090627091901__7baee984b8d0.html
20090627091901	http://jayisgames.com:80/archives/2007/02/	http://www.theroomz.yoyo.pl/roomz.htm	research/jayisgames-early-history/20090627091901__7baee984b8d0.html
20090716094422	http://jayisgames.com/archives/2007/02/	/addtofavorites.php?game=theroomz	research/jayisgames-early-history/20090716094422__be1f70bce6e0.html
20090716094422	http://jayisgames.com/archives/2007/02/	http://www.theroomz.yoyo.pl/roomz.htm	research/jayisgames-early-history/20090716094422__be1f70bce6e0.html
20090716094422	http://jayisgames.com/archives/2007/02/	http://www.theroomz.yoyo.pl/roomz.htm	research/jayisgames-early-history/20090716094422__be1f70bce6e0.html
20090716094422	http://jayisgames.com/archives/2007/02/	http://www.theroomz.yoyo.pl/roomz.htm	research/jayisgames-early-history/20090716094422__be1f70bce6e0.html
20090828131117	http://jayisgames.com:80/archives/2007/02/	/addtofavorites.php?game=theroomz	research/jayisgames-early-history/20090828131117__28b38406c0ea.html
20090828131117	http://jayisgames.com:80/archives/2007/02/	http://www.theroomz.yoyo.pl/roomz.htm	research/jayisgames-early-history/20090828131117__28b38406c0ea.html
20090828131117	http://jayisgames.com:80/archives/2007/02/	http://www.theroomz.yoyo.pl/roomz.htm	research/jayisgames-early-history/20090828131117__28b38406c0ea.html
20090828131117	http://jayisgames.com:80/archives/2007/02/	http://www.theroomz.yoyo.pl/roomz.htm	research/jayisgames-early-history/20090828131117__28b38406c0ea.html
20100102104204	http://jayisgames.com/archives/2007/02/	/addtofavorites.php?game=theroomz	research/jayisgames-early-history/20100102104204__21fa7eaeb353.html
20100102104204	http://jayisgames.com/archives/2007/02/	http://www.theroomz.yoyo.pl/roomz.htm	research/jayisgames-early-history/20100102104204__21fa7eaeb353.html
20100102104204	http://jayisgames.com/archives/2007/02/	http://www.theroomz.yoyo.pl/roomz.htm	research/jayisgames-early-history/20100102104204__21fa7eaeb353.html
20100102104204	http://jayisgames.com/archives/2007/02/	http://www.theroomz.yoyo.pl/roomz.htm	research/jayisgames-early-history/20100102104204__21fa7eaeb353.html
20100227082458	http://jayisgames.com:80/archives/2007/02/	/addtofavorites.php?game=theroomz	research/jayisgames-early-history/20100227082458__926b5e2c7bd1.html
20100227082458	http://jayisgames.com:80/archives/2007/02/	http://www.theroomz.yoyo.pl/roomz.htm	research/jayisgames-early-history/20100227082458__926b5e2c7bd1.html
20100227082458	http://jayisgames.com:80/archives/2007/02/	http://www.theroomz.yoyo.pl/roomz.htm	research/jayisgames-early-history/20100227082458__926b5e2c7bd1.html
20100227082458	http://jayisgames.com:80/archives/2007/02/	http://www.theroomz.yoyo.pl/roomz.htm	research/jayisgames-early-history/20100227082458__926b5e2c7bd1.html
20100428205804	http://jayisgames.com:80/archives/2007/02/	/addtofavorites.php?game=theroomz	research/jayisgames-early-history/20100428205804__c29dac17a118.html
20100428205804	http://jayisgames.com:80/archives/2007/02/	http://www.theroomz.yoyo.pl/roomz.htm	research/jayisgames-early-history/20100428205804__c29dac17a118.html
20100428205804	http://jayisgames.com:80/archives/2007/02/	http://www.theroomz.yoyo.pl/roomz.htm	research/jayisgames-early-history/20100428205804__c29dac17a118.html
20100428205804	http://jayisgames.com:80/archives/2007/02/	http://www.theroomz.yoyo.pl/roomz.htm	research/jayisgames-early-history/20100428205804__c29dac17a118.html
20100703035945	http://jayisgames.com:80/archives/2007/02/	/addtofavorites.php?game=theroomz	research/jayisgames-early-history/20100703035945__c301552b270a.html
20100703035945	http://jayisgames.com:80/archives/2007/02/	http://www.theroomz.yoyo.pl/roomz.htm	research/jayisgames-early-history/20100703035945__c301552b270a.html
20100703035945	http://jayisgames.com:80/archives/2007/02/	http://www.theroomz.yoyo.pl/roomz.htm	research/jayisgames-early-history/20100703035945__c301552b270a.html
20100703035945	http://jayisgames.com:80/archives/2007/02/	http://www.theroomz.yoyo.pl/roomz.htm	research/jayisgames-early-history/20100703035945__c301552b270a.html
20100904033730	http://jayisgames.com:80/archives/2007/02/	/addtofavorites.php?game=theroomz	research/jayisgames-early-history/20100904033730__8a172ed71e48.html
20100904033730	http://jayisgames.com:80/archives/2007/02/	http://www.theroomz.yoyo.pl/roomz.htm	research/jayisgames-early-history/20100904033730__8a172ed71e48.html
20100904033730	http://jayisgames.com:80/archives/2007/02/	http://www.theroomz.yoyo.pl/roomz.htm	research/jayisgames-early-history/20100904033730__8a172ed71e48.html
20100904033730	http://jayisgames.com:80/archives/2007/02/	http://www.theroomz.yoyo.pl/roomz.htm	research/jayisgames-early-history/20100904033730__8a172ed71e48.html
20101104112313	http://jayisgames.com:80/archives/2007/02/	/addtofavorites.php?game=theroomz	research/jayisgames-early-history/20101104112313__7a71e27f9e9d.html
20101104112313	http://jayisgames.com:80/archives/2007/02/	http://www.theroomz.yoyo.pl/roomz.htm	research/jayisgames-early-history/20101104112313__7a71e27f9e9d.html
20101104112313	http://jayisgames.com:80/archives/2007/02/	http://www.theroomz.yoyo.pl/roomz.htm	research/jayisgames-early-history/20101104112313__7a71e27f9e9d.html
20101104112313	http://jayisgames.com:80/archives/2007/02/	http://www.theroomz.yoyo.pl/roomz.htm	research/jayisgames-early-history/20101104112313__7a71e27f9e9d.html
20101124140732	http://jayisgames.com/archives/2007/02/	/addtofavorites.php?game=theroomz	research/jayisgames-early-history/20101124140732__16b4bc9bdf79.html
20101124140732	http://jayisgames.com/archives/2007/02/	http://www.theroomz.yoyo.pl/roomz.htm	research/jayisgames-early-history/20101124140732__16b4bc9bdf79.html
20101124140732	http://jayisgames.com/archives/2007/02/	http://www.theroomz.yoyo.pl/roomz.htm	research/jayisgames-early-history/20101124140732__16b4bc9bdf79.html
20101124140732	http://jayisgames.com/archives/2007/02/	http://www.theroomz.yoyo.pl/roomz.htm	research/jayisgames-early-history/20101124140732__16b4bc9bdf79.html
20110225195150	http://jayisgames.com:80/archives/2007/02/	/addtofavorites.php?game=theroomz	research/jayisgames-early-history/20110225195150__94f2483c3a35.html
20110225195150	http://jayisgames.com:80/archives/2007/02/	http://www.theroomz.yoyo.pl/roomz.htm	research/jayisgames-early-history/20110225195150__94f2483c3a35.html
20110225195150	http://jayisgames.com:80/archives/2007/02/	http://www.theroomz.yoyo.pl/roomz.htm	research/jayisgames-early-history/20110225195150__94f2483c3a35.html
20110225195150	http://jayisgames.com:80/archives/2007/02/	http://www.theroomz.yoyo.pl/roomz.htm	research/jayisgames-early-history/20110225195150__94f2483c3a35.html
20110427211403	http://jayisgames.com:80/archives/2007/02/	/addtofavorites.php?game=theroomz	research/jayisgames-early-history/20110427211403__059b73706d6a.html
20110427211403	http://jayisgames.com:80/archives/2007/02/	http://www.theroomz.yoyo.pl/roomz.htm	research/jayisgames-early-history/20110427211403__059b73706d6a.html
20110427211403	http://jayisgames.com:80/archives/2007/02/	http://www.theroomz.yoyo.pl/roomz.htm	research/jayisgames-early-history/20110427211403__059b73706d6a.html
20110427211403	http://jayisgames.com:80/archives/2007/02/	http://www.theroomz.yoyo.pl/roomz.htm	research/jayisgames-early-history/20110427211403__059b73706d6a.html
20110628153141	http://jayisgames.com:80/archives/2007/02/	/addtofavorites.php?game=theroomz	research/jayisgames-early-history/20110628153141__c3f1de2d72c5.html
20110628153141	http://jayisgames.com:80/archives/2007/02/	http://www.theroomz.yoyo.pl/roomz.htm	research/jayisgames-early-history/20110628153141__c3f1de2d72c5.html
20110628153141	http://jayisgames.com:80/archives/2007/02/	http://www.theroomz.yoyo.pl/roomz.htm	research/jayisgames-early-history/20110628153141__c3f1de2d72c5.html
20110628153141	http://jayisgames.com:80/archives/2007/02/	http://www.theroomz.yoyo.pl/roomz.htm	research/jayisgames-early-history/20110628153141__c3f1de2d72c5.html
20110809211700	http://jayisgames.com/archives/2007/02/	/addtofavorites.php?game=theroomz	research/jayisgames-early-history/20110809211700__01c78e536c67.html
20110809211700	http://jayisgames.com/archives/2007/02/	http://www.theroomz.yoyo.pl/roomz.htm	research/jayisgames-early-history/20110809211700__01c78e536c67.html
20110809211700	http://jayisgames.com/archives/2007/02/	http://www.theroomz.yoyo.pl/roomz.htm	research/jayisgames-early-history/20110809211700__01c78e536c67.html
20110809211700	http://jayisgames.com/archives/2007/02/	http://www.theroomz.yoyo.pl/roomz.htm	research/jayisgames-early-history/20110809211700__01c78e536c67.html
20110828154647	http://jayisgames.com:80/archives/2007/02/	/addtofavorites.php?game=theroomz	research/jayisgames-early-history/20110828154647__8dcba29e6f7c.html
20110828154647	http://jayisgames.com:80/archives/2007/02/	http://www.theroomz.yoyo.pl/roomz.htm	research/jayisgames-early-history/20110828154647__8dcba29e6f7c.html
20110828154647	http://jayisgames.com:80/archives/2007/02/	http://www.theroomz.yoyo.pl/roomz.htm	research/jayisgames-early-history/20110828154647__8dcba29e6f7c.html
20110828154647	http://jayisgames.com:80/archives/2007/02/	http://www.theroomz.yoyo.pl/roomz.htm	research/jayisgames-early-history/20110828154647__8dcba29e6f7c.html
20111014001444	http://jayisgames.com/archives/2007/02/	/addtofavorites.php?game=theroomz	research/jayisgames-early-history/20111014001444__61b15b155272.html
20111014001444	http://jayisgames.com/archives/2007/02/	http://www.theroomz.yoyo.pl/roomz.htm	research/jayisgames-early-history/20111014001444__61b15b155272.html
20111014001444	http://jayisgames.com/archives/2007/02/	http://www.theroomz.yoyo.pl/roomz.htm	research/jayisgames-early-history/20111014001444__61b15b155272.html
20111014001444	http://jayisgames.com/archives/2007/02/	http://www.theroomz.yoyo.pl/roomz.htm	research/jayisgames-early-history/20111014001444__61b15b155272.html
20111028023627	http://jayisgames.com:80/archives/2007/02/	/addtofavorites.php?game=theroomz	research/jayisgames-early-history/20111028023627__f4a1212aed97.html
20111028023627	http://jayisgames.com:80/archives/2007/02/	http://www.theroomz.yoyo.pl/roomz.htm	research/jayisgames-early-history/20111028023627__f4a1212aed97.html
20111028023627	http://jayisgames.com:80/archives/2007/02/	http://www.theroomz.yoyo.pl/roomz.htm	research/jayisgames-early-history/20111028023627__f4a1212aed97.html
20111028023627	http://jayisgames.com:80/archives/2007/02/	http://www.theroomz.yoyo.pl/roomz.htm	research/jayisgames-early-history/20111028023627__f4a1212aed97.html
20120226020100	http://jayisgames.com:80/archives/2007/02/	/addtofavorites.php?game=theroomz	research/jayisgames-early-history/20120226020100__c6b8ec6914ce.html
20120226020100	http://jayisgames.com:80/archives/2007/02/	http://www.theroomz.yoyo.pl/roomz.htm	research/jayisgames-early-history/20120226020100__c6b8ec6914ce.html
20120226020100	http://jayisgames.com:80/archives/2007/02/	http://www.theroomz.yoyo.pl/roomz.htm	research/jayisgames-early-history/20120226020100__c6b8ec6914ce.html
20120226020100	http://jayisgames.com:80/archives/2007/02/	http://www.theroomz.yoyo.pl/roomz.htm	research/jayisgames-early-history/20120226020100__c6b8ec6914ce.html
20120427212905	http://jayisgames.com:80/archives/2007/02/	/addtofavorites.php?game=theroomz	research/jayisgames-early-history/20120427212905__9128fda3efda.html
20120427212905	http://jayisgames.com:80/archives/2007/02/	http://www.theroomz.yoyo.pl/roomz.htm	research/jayisgames-early-history/20120427212905__9128fda3efda.html
20120427212905	http://jayisgames.com:80/archives/2007/02/	http://www.theroomz.yoyo.pl/roomz.htm	research/jayisgames-early-history/20120427212905__9128fda3efda.html
20120427212905	http://jayisgames.com:80/archives/2007/02/	http://www.theroomz.yoyo.pl/roomz.htm	research/jayisgames-early-history/20120427212905__9128fda3efda.html
20120628120833	http://jayisgames.com:80/archives/2007/02/	/addtofavorites.php?game=theroomz	research/jayisgames-early-history/20120628120833__72ca3e6108f3.html
20120628120833	http://jayisgames.com:80/archives/2007/02/	http://www.theroomz.yoyo.pl/roomz.htm	research/jayisgames-early-history/20120628120833__72ca3e6108f3.html
20120628120833	http://jayisgames.com:80/archives/2007/02/	http://www.theroomz.yoyo.pl/roomz.htm	research/jayisgames-early-history/20120628120833__72ca3e6108f3.html
20120628120833	http://jayisgames.com:80/archives/2007/02/	http://www.theroomz.yoyo.pl/roomz.htm	research/jayisgames-early-history/20120628120833__72ca3e6108f3.html
20120720154238	http://jayisgames.com/archives/2007/02	/addtofavorites.php?game=theroomz	research/jayisgames-early-history/20120720154238__72ca3e6108f3.html
20120720154238	http://jayisgames.com/archives/2007/02	http://www.theroomz.yoyo.pl/roomz.htm	research/jayisgames-early-history/20120720154238__72ca3e6108f3.html
20120720154238	http://jayisgames.com/archives/2007/02	http://www.theroomz.yoyo.pl/roomz.htm	research/jayisgames-early-history/20120720154238__72ca3e6108f3.html
20120720154238	http://jayisgames.com/archives/2007/02	http://www.theroomz.yoyo.pl/roomz.htm	research/jayisgames-early-history/20120720154238__72ca3e6108f3.html
20120828085517	http://jayisgames.com:80/archives/2007/02/	/addtofavorites.php?game=theroomz	research/jayisgames-early-history/20120828085517__2b7340f96547.html
20120828085517	http://jayisgames.com:80/archives/2007/02/	http://www.theroomz.yoyo.pl/roomz.htm	research/jayisgames-early-history/20120828085517__2b7340f96547.html
20120828085517	http://jayisgames.com:80/archives/2007/02/	http://www.theroomz.yoyo.pl/roomz.htm	research/jayisgames-early-history/20120828085517__2b7340f96547.html
20120828085517	http://jayisgames.com:80/archives/2007/02/	http://www.theroomz.yoyo.pl/roomz.htm	research/jayisgames-early-history/20120828085517__2b7340f96547.html
20121030072125	http://jayisgames.com:80/archives/2007/02/	/addtofavorites.php?game=theroomz	research/jayisgames-early-history/20121030072125__021efafad9dd.html
20121030072125	http://jayisgames.com:80/archives/2007/02/	http://www.theroomz.yoyo.pl/roomz.htm	research/jayisgames-early-history/20121030072125__021efafad9dd.html
20121030072125	http://jayisgames.com:80/archives/2007/02/	http://www.theroomz.yoyo.pl/roomz.htm	research/jayisgames-early-history/20121030072125__021efafad9dd.html
20121030072125	http://jayisgames.com:80/archives/2007/02/	http://www.theroomz.yoyo.pl/roomz.htm	research/jayisgames-early-history/20121030072125__021efafad9dd.html
20121222231546	http://jayisgames.com/archives/2007/02	/addtofavorites.php?game=theroomz	research/jayisgames-early-history/20121222231546__021efafad9dd.html
20121222231546	http://jayisgames.com/archives/2007/02	http://www.theroomz.yoyo.pl/roomz.htm	research/jayisgames-early-history/20121222231546__021efafad9dd.html
20121222231546	http://jayisgames.com/archives/2007/02	http://www.theroomz.yoyo.pl/roomz.htm	research/jayisgames-early-history/20121222231546__021efafad9dd.html
20121222231546	http://jayisgames.com/archives/2007/02	http://www.theroomz.yoyo.pl/roomz.htm	research/jayisgames-early-history/20121222231546__021efafad9dd.html
20140122173431	http://jayisgames.com:80/archives/2007/02/	/addtofavorites.php?game=theroomz	research/jayisgames-early-history/20140122173431__8e7f57fbd89b.html
20140122173431	http://jayisgames.com:80/archives/2007/02/	http://dreamwardgames.com/theroomz/	research/jayisgames-early-history/20140122173431__8e7f57fbd89b.html
20140122173431	http://jayisgames.com:80/archives/2007/02/	http://dreamwardgames.com/theroomz/	research/jayisgames-early-history/20140122173431__8e7f57fbd89b.html
20140122173431	http://jayisgames.com:80/archives/2007/02/	http://dreamwardgames.com/theroomz/	research/jayisgames-early-history/20140122173431__8e7f57fbd89b.html
20140325132742	http://jayisgames.com:80/archives/2007/02/	/addtofavorites.php?game=theroomz	research/jayisgames-early-history/20140325132742__7759716867c7.html
20140325132742	http://jayisgames.com:80/archives/2007/02/	http://dreamwardgames.com/theroomz/	research/jayisgames-early-history/20140325132742__7759716867c7.html
20140325132742	http://jayisgames.com:80/archives/2007/02/	http://dreamwardgames.com/theroomz/	research/jayisgames-early-history/20140325132742__7759716867c7.html
20140325132742	http://jayisgames.com:80/archives/2007/02/	http://dreamwardgames.com/theroomz/	research/jayisgames-early-history/20140325132742__7759716867c7.html
20140525144634	http://jayisgames.com:80/archives/2007/02/	/addtofavorites.php?game=theroomz	research/jayisgames-early-history/20140525144634__b1e0981de312.html
20140525144634	http://jayisgames.com:80/archives/2007/02/	http://dreamwardgames.com/theroomz/	research/jayisgames-early-history/20140525144634__b1e0981de312.html
20140525144634	http://jayisgames.com:80/archives/2007/02/	http://dreamwardgames.com/theroomz/	research/jayisgames-early-history/20140525144634__b1e0981de312.html
20140525144634	http://jayisgames.com:80/archives/2007/02/	http://dreamwardgames.com/theroomz/	research/jayisgames-early-history/20140525144634__b1e0981de312.html
20140725171118	http://jayisgames.com:80/archives/2007/02/	/addtofavorites.php?game=theroomz	research/jayisgames-early-history/20140725171118__76048e81c651.html
20140725171118	http://jayisgames.com:80/archives/2007/02/	http://dreamwardgames.com/theroomz/	research/jayisgames-early-history/20140725171118__76048e81c651.html
20140725171118	http://jayisgames.com:80/archives/2007/02/	http://dreamwardgames.com/theroomz/	research/jayisgames-early-history/20140725171118__76048e81c651.html
20140725171118	http://jayisgames.com:80/archives/2007/02/	http://dreamwardgames.com/theroomz/	research/jayisgames-early-history/20140725171118__76048e81c651.html
20140924132932	http://jayisgames.com:80/archives/2007/02/	/addtofavorites.php?game=theroomz	research/jayisgames-early-history/20140924132932__0a716a0c9a5d.html
20140924132932	http://jayisgames.com:80/archives/2007/02/	http://dreamwardgames.com/theroomz/	research/jayisgames-early-history/20140924132932__0a716a0c9a5d.html
20140924132932	http://jayisgames.com:80/archives/2007/02/	http://dreamwardgames.com/theroomz/	research/jayisgames-early-history/20140924132932__0a716a0c9a5d.html
20140924132932	http://jayisgames.com:80/archives/2007/02/	http://dreamwardgames.com/theroomz/	research/jayisgames-early-history/20140924132932__0a716a0c9a5d.html
20141203203211	http://jayisgames.com:80/archives/2007/02/	/addtofavorites.php?game=theroomz	research/jayisgames-early-history/20141203203211__dfa0e0cb1729.html
20141203203211	http://jayisgames.com:80/archives/2007/02/	http://dreamwardgames.com/theroomz/	research/jayisgames-early-history/20141203203211__dfa0e0cb1729.html
20141203203211	http://jayisgames.com:80/archives/2007/02/	http://dreamwardgames.com/theroomz/	research/jayisgames-early-history/20141203203211__dfa0e0cb1729.html
20141203203211	http://jayisgames.com:80/archives/2007/02/	http://dreamwardgames.com/theroomz/	research/jayisgames-early-history/20141203203211__dfa0e0cb1729.html
