timestamp	page	raw	absolute	snapshot
20101205143843	http://jugarjuegosescape.blogspot.com/2008/11/room.html	#main	http://jugarjuegosescape.blogspot.com/2008/11/room.html#main	research/jugarjuegosescape-roomz/20101205143843__5880feaff0c8__room.html
20101205143843	http://jugarjuegosescape.blogspot.com/2008/11/room.html	#sidebar	http://jugarjuegosescape.blogspot.com/2008/11/room.html#sidebar	research/jugarjuegosescape-roomz/20101205143843__5880feaff0c8__room.html
20101205143843	http://jugarjuegosescape.blogspot.com/2008/11/room.html	//--	http://--	research/jugarjuegosescape-roomz/20101205143843__5880feaff0c8__room.html
20101205143843	http://jugarjuegosescape.blogspot.com/2008/11/room.html	//EN	http://EN	research/jugarjuegosescape-roomz/20101205143843__5880feaff0c8__room.html
20101205143843	http://jugarjuegosescape.blogspot.com/2008/11/room.html	//W3C//DTD	http://W3C//DTD	research/jugarjuegosescape-roomz/20101205143843__5880feaff0c8__room.html
20101205143843	http://jugarjuegosescape.blogspot.com/2008/11/room.html	high	http://jugarjuegosescape.blogspot.com/2008/11/high	research/jugarjuegosescape-roomz/20101205143843__5880feaff0c8__room.html
20101205143843	http://jugarjuegosescape.blogspot.com/2008/11/room.html	http://2.bp.blogspot.com/_w6sJSdy12pQ/S4kWRc3dAOI/AAAAAAAATUU/mwZYsQCWkQk/S1600-R/1234banerjuegos.png	http://2.bp.blogspot.com/_w6sJSdy12pQ/S4kWRc3dAOI/AAAAAAAATUU/mwZYsQCWkQk/S1600-R/1234banerjuegos.png	research/jugarjuegosescape-roomz/20101205143843__5880feaff0c8__room.html
20101205143843	http://jugarjuegosescape.blogspot.com/2008/11/room.html	http://3.bp.blogspot.com/_w6sJSdy12pQ/SsTgNgzWT7I/AAAAAAAAQLc/9GIXLc9dyww/s400/rightO.png	http://3.bp.blogspot.com/_w6sJSdy12pQ/SsTgNgzWT7I/AAAAAAAAQLc/9GIXLc9dyww/s400/rightO.png	research/jugarjuegosescape-roomz/20101205143843__5880feaff0c8__room.html
20101205143843	http://jugarjuegosescape.blogspot.com/2008/11/room.html	http://4.bp.blogspot.com/_w6sJSdy12pQ/SsTg1SQsY7I/AAAAAAAAQLk/iMK-q4yZq4M/s400/leftO.png	http://4.bp.blogspot.com/_w6sJSdy12pQ/SsTg1SQsY7I/AAAAAAAAQLk/iMK-q4yZq4M/s400/leftO.png	research/jugarjuegosescape-roomz/20101205143843__5880feaff0c8__room.html
20101205143843	http://jugarjuegosescape.blogspot.com/2008/11/room.html	http://4.bp.blogspot.com/_w6sJSdy12pQ/SsThNGKh6MI/AAAAAAAAQLs/6hbdW-ZRJq0/s400/upO.png	http://4.bp.blogspot.com/_w6sJSdy12pQ/SsThNGKh6MI/AAAAAAAAQLs/6hbdW-ZRJq0/s400/upO.png	research/jugarjuegosescape-roomz/20101205143843__5880feaff0c8__room.html
20101205143843	http://jugarjuegosescape.blogspot.com/2008/11/room.html	http://aprendiendoenlared.blogspot.com/	http://aprendiendoenlared.blogspot.com/	research/jugarjuegosescape-roomz/20101205143843__5880feaff0c8__room.html
20101205143843	http://jugarjuegosescape.blogspot.com/2008/11/room.html	http://bitacoras.com/canales/juegos+de+escape	http://bitacoras.com/canales/juegos+de+escape	research/jugarjuegosescape-roomz/20101205143843__5880feaff0c8__room.html
20101205143843	http://jugarjuegosescape.blogspot.com/2008/11/room.html	http://bitacoras.com/canales/jugar+juegos+de+escape	http://bitacoras.com/canales/jugar+juegos+de+escape	research/jugarjuegosescape-roomz/20101205143843__5880feaff0c8__room.html
20101205143843	http://jugarjuegosescape.blogspot.com/2008/11/room.html	http://bitacoras.com/canales/soluciones+guias+juegos+de+escape	http://bitacoras.com/canales/soluciones+guias+juegos+de+escape	research/jugarjuegosescape-roomz/20101205143843__5880feaff0c8__room.html
20101205143843	http://jugarjuegosescape.blogspot.com/2008/11/room.html	http://bunuelgames.blogspot.com/	http://bunuelgames.blogspot.com/	research/jugarjuegosescape-roomz/20101205143843__5880feaff0c8__room.html
20101205143843	http://jugarjuegosescape.blogspot.com/2008/11/room.html	http://c.statcounter.com/4126764/0/a7d2267d/0/	http://c.statcounter.com/4126764/0/a7d2267d/0/	research/jugarjuegosescape-roomz/20101205143843__5880feaff0c8__room.html
20101205143843	http://jugarjuegosescape.blogspot.com/2008/11/room.html	http://download.macromedia.com/pub/shockwave/cabs/flash/swflash.cab#version=6,0,29,0	http://download.macromedia.com/pub/shockwave/cabs/flash/swflash.cab#version=6,0,29,0	research/jugarjuegosescape-roomz/20101205143843__5880feaff0c8__room.html
20101205143843	http://jugarjuegosescape.blogspot.com/2008/11/room.html	http://img1.blogblog.com/img/icon18_wrench_allbkg.png	http://img1.blogblog.com/img/icon18_wrench_allbkg.png	research/jugarjuegosescape-roomz/20101205143843__5880feaff0c8__room.html
20101205143843	http://jugarjuegosescape.blogspot.com/2008/11/room.html	http://img132.imageshack.us/img132/8325/menuhoveroa9.png	http://img132.imageshack.us/img132/8325/menuhoveroa9.png	research/jugarjuegosescape-roomz/20101205143843__5880feaff0c8__room.html
20101205143843	http://jugarjuegosescape.blogspot.com/2008/11/room.html	http://img132.imageshack.us/img132/8325/menuhoveroa9.png)	http://img132.imageshack.us/img132/8325/menuhoveroa9.png)	research/jugarjuegosescape-roomz/20101205143843__5880feaff0c8__room.html
20101205143843	http://jugarjuegosescape.blogspot.com/2008/11/room.html	http://img206.imageshack.us/img206/4038/menuactiveuv8.png	http://img206.imageshack.us/img206/4038/menuactiveuv8.png	research/jugarjuegosescape-roomz/20101205143843__5880feaff0c8__room.html
20101205143843	http://jugarjuegosescape.blogspot.com/2008/11/room.html	http://img206.imageshack.us/img206/4038/menuactiveuv8.png)	http://img206.imageshack.us/img206/4038/menuactiveuv8.png)	research/jugarjuegosescape-roomz/20101205143843__5880feaff0c8__room.html
20101205143843	http://jugarjuegosescape.blogspot.com/2008/11/room.html	http://img256.imageshack.us/img256/3198/theroomz0707ih0.swf	http://img256.imageshack.us/img256/3198/theroomz0707ih0.swf	research/jugarjuegosescape-roomz/20101205143843__5880feaff0c8__room.html
20101205143843	http://jugarjuegosescape.blogspot.com/2008/11/room.html	http://jugarjuegosescape.blogspot.com/	http://jugarjuegosescape.blogspot.com/	research/jugarjuegosescape-roomz/20101205143843__5880feaff0c8__room.html
20101205143843	http://jugarjuegosescape.blogspot.com/2008/11/room.html	http://jugarjuegosescape.blogspot.com/2008/11/escapa-de-la-sauna.htm	http://jugarjuegosescape.blogspot.com/2008/11/escapa-de-la-sauna.htm	research/jugarjuegosescape-roomz/20101205143843__5880feaff0c8__room.html
20101205143843	http://jugarjuegosescape.blogspot.com/2008/11/room.html	http://jugarjuegosescape.blogspot.com/2008/11/escapa-de-la-sauna.html	http://jugarjuegosescape.blogspot.com/2008/11/escapa-de-la-sauna.html	research/jugarjuegosescape-roomz/20101205143843__5880feaff0c8__room.html
20101205143843	http://jugarjuegosescape.blogspot.com/2008/11/room.html	http://jugarjuegosescape.blogspot.com/2008/11/escape-game.htm	http://jugarjuegosescape.blogspot.com/2008/11/escape-game.htm	research/jugarjuegosescape-roomz/20101205143843__5880feaff0c8__room.html
20101205143843	http://jugarjuegosescape.blogspot.com/2008/11/room.html	http://jugarjuegosescape.blogspot.com/2008/11/escape-game.html	http://jugarjuegosescape.blogspot.com/2008/11/escape-game.html	research/jugarjuegosescape-roomz/20101205143843__5880feaff0c8__room.html
20101205143843	http://jugarjuegosescape.blogspot.com/2008/11/room.html	http://jugarjuegosescape.blogspot.com/2008/11/por-favor-lea-las-siguientes.htm	http://jugarjuegosescape.blogspot.com/2008/11/por-favor-lea-las-siguientes.htm	research/jugarjuegosescape-roomz/20101205143843__5880feaff0c8__room.html
20101205143843	http://jugarjuegosescape.blogspot.com/2008/11/room.html	http://jugarjuegosescape.blogspot.com/2008/11/por-favor-lea-las-siguientes.html	http://jugarjuegosescape.blogspot.com/2008/11/por-favor-lea-las-siguientes.html	research/jugarjuegosescape-roomz/20101205143843__5880feaff0c8__room.html
20101205143843	http://jugarjuegosescape.blogspot.com/2008/11/room.html	http://jugarjuegosescape.blogspot.com/2008/11/room.htm	http://jugarjuegosescape.blogspot.com/2008/11/room.htm	research/jugarjuegosescape-roomz/20101205143843__5880feaff0c8__room.html
20101205143843	http://jugarjuegosescape.blogspot.com/2008/11/room.html	http://jugarjuegosescape.blogspot.com/2008/11/room.html	http://jugarjuegosescape.blogspot.com/2008/11/room.html	research/jugarjuegosescape-roomz/20101205143843__5880feaff0c8__room.html
20101205143843	http://jugarjuegosescape.blogspot.com/2008/11/room.html	http://jugarjuegosescape.blogspot.com/feeds/2026661785595368149/comments/default	http://jugarjuegosescape.blogspot.com/feeds/2026661785595368149/comments/default	research/jugarjuegosescape-roomz/20101205143843__5880feaff0c8__room.html
20101205143843	http://jugarjuegosescape.blogspot.com/2008/11/room.html	http://jugarjuegosescape.blogspot.com/feeds/posts/default	http://jugarjuegosescape.blogspot.com/feeds/posts/default	research/jugarjuegosescape-roomz/20101205143843__5880feaff0c8__room.html
20101205143843	http://jugarjuegosescape.blogspot.com/2008/11/room.html	http://jugarjuegosescape.blogspot.com/feeds/posts/default?alt	http://jugarjuegosescape.blogspot.com/feeds/posts/default?alt	research/jugarjuegosescape-roomz/20101205143843__5880feaff0c8__room.html
20101205143843	http://jugarjuegosescape.blogspot.com/2008/11/room.html	http://jugarjuegosescape.blogspot.com/feeds/posts/default?alt=rss	http://jugarjuegosescape.blogspot.com/feeds/posts/default?alt=rss	research/jugarjuegosescape-roomz/20101205143843__5880feaff0c8__room.html
20101205143843	http://jugarjuegosescape.blogspot.com/2008/11/room.html	http://pagead2.googlesyndication.com/pagead/show_ads.js	http://pagead2.googlesyndication.com/pagead/show_ads.js	research/jugarjuegosescape-roomz/20101205143843__5880feaff0c8__room.html
20101205143843	http://jugarjuegosescape.blogspot.com/2008/11/room.html	http://technorati.com/tag/escape	http://technorati.com/tag/escape	research/jugarjuegosescape-roomz/20101205143843__5880feaff0c8__room.html
20101205143843	http://jugarjuegosescape.blogspot.com/2008/11/room.html	http://technorati.com/tag/escape+games	http://technorati.com/tag/escape+games	research/jugarjuegosescape-roomz/20101205143843__5880feaff0c8__room.html
20101205143843	http://jugarjuegosescape.blogspot.com/2008/11/room.html	http://technorati.com/tag/juegos	http://technorati.com/tag/juegos	research/jugarjuegosescape-roomz/20101205143843__5880feaff0c8__room.html
20101205143843	http://jugarjuegosescape.blogspot.com/2008/11/room.html	http://widgets.amung.us/classic.js	http://widgets.amung.us/classic.js	research/jugarjuegosescape-roomz/20101205143843__5880feaff0c8__room.html
20101205143843	http://jugarjuegosescape.blogspot.com/2008/11/room.html	http://www.blogalaxia.com/tags/escape+solucion	http://www.blogalaxia.com/tags/escape+solucion	research/jugarjuegosescape-roomz/20101205143843__5880feaff0c8__room.html
20101205143843	http://jugarjuegosescape.blogspot.com/2008/11/room.html	http://www.blogalaxia.com/tags/juegos	http://www.blogalaxia.com/tags/juegos	research/jugarjuegosescape-roomz/20101205143843__5880feaff0c8__room.html
20101205143843	http://jugarjuegosescape.blogspot.com/2008/11/room.html	http://www.blogalaxia.com/tags/juegos+de+escape	http://www.blogalaxia.com/tags/juegos+de+escape	research/jugarjuegosescape-roomz/20101205143843__5880feaff0c8__room.html
20101205143843	http://jugarjuegosescape.blogspot.com/2008/11/room.html	http://www.blogger.com/comment-interaction-iframe.g?blogId	http://www.blogger.com/comment-interaction-iframe.g?blogId	research/jugarjuegosescape-roomz/20101205143843__5880feaff0c8__room.html
20101205143843	http://jugarjuegosescape.blogspot.com/2008/11/room.html	http://www.blogger.com/display?blogID=5862274322950929642	http://www.blogger.com/display?blogID=5862274322950929642	research/jugarjuegosescape-roomz/20101205143843__5880feaff0c8__room.html
20101205143843	http://jugarjuegosescape.blogspot.com/2008/11/room.html	http://www.blogger.com/dyn-css/authorization.css?targetBlogID=5862274322950929642&zx=a5701c71-4830-41cb-8240-0d3c51fc1e74	http://www.blogger.com/dyn-css/authorization.css?targetBlogID=5862274322950929642&zx=a5701c71-4830-41cb-8240-0d3c51fc1e74	research/jugarjuegosescape-roomz/20101205143843__5880feaff0c8__room.html
20101205143843	http://jugarjuegosescape.blogspot.com/2008/11/room.html	http://www.blogger.com/favicon.ico	http://www.blogger.com/favicon.ico	research/jugarjuegosescape-roomz/20101205143843__5880feaff0c8__room.html
20101205143843	http://jugarjuegosescape.blogspot.com/2008/11/room.html	http://www.blogger.com/feeds/5862274322950929642/posts/default	http://www.blogger.com/feeds/5862274322950929642/posts/default	research/jugarjuegosescape-roomz/20101205143843__5880feaff0c8__room.html
20101205143843	http://jugarjuegosescape.blogspot.com/2008/11/room.html	http://www.blogger.com/navbar.g?targetBlogID=5862274322950929642&blogName=jugar+juegos+escape&publishMode=PUBLISH_MODE_BLOGSPOT&navbarType=BLUE&layoutType=LAYOUTS&searchRoot=http%3A%2F%2Fjugarjuegosescape.blogspot.com%2Fsearch&blogLocale=es&homepageUrl=http%3A%2F%2Fjugarjuegosescape.blogspot.com%2F&targetPostID=2026661785595368149	http://www.blogger.com/navbar.g?targetBlogID=5862274322950929642&blogName=jugar+juegos+escape&publishMode=PUBLISH_MODE_BLOGSPOT&navbarType=BLUE&layoutType=LAYOUTS&searchRoot=http%3A%2F%2Fjugarjuegosescape.blogspot.com%2Fsearch&blogLocale=es&homepageUrl=http%3A%2F%2Fjugarjuegosescape.blogspot.com%2F&targetPostID=2026661785595368149	research/jugarjuegosescape-roomz/20101205143843__5880feaff0c8__room.html
20101205143843	http://jugarjuegosescape.blogspot.com/2008/11/room.html	http://www.blogger.com/rearrange?blogID=5862274322950929642	http://www.blogger.com/rearrange?blogID=5862274322950929642	research/jugarjuegosescape-roomz/20101205143843__5880feaff0c8__room.html
20101205143843	http://jugarjuegosescape.blogspot.com/2008/11/room.html	http://www.blogger.com/rearrange?blogID=5862274322950929642&widgetType=HTML&widgetId=HTML1&action=editWidget	http://www.blogger.com/rearrange?blogID=5862274322950929642&widgetType=HTML&widgetId=HTML1&action=editWidget	research/jugarjuegosescape-roomz/20101205143843__5880feaff0c8__room.html
20101205143843	http://jugarjuegosescape.blogspot.com/2008/11/room.html	http://www.blogger.com/rearrange?blogID=5862274322950929642&widgetType=HTML&widgetId=HTML2&action=editWidget	http://www.blogger.com/rearrange?blogID=5862274322950929642&widgetType=HTML&widgetId=HTML2&action=editWidget	research/jugarjuegosescape-roomz/20101205143843__5880feaff0c8__room.html
20101205143843	http://jugarjuegosescape.blogspot.com/2008/11/room.html	http://www.blogger.com/rearrange?blogID=5862274322950929642&widgetType=HTML&widgetId=HTML3&action=editWidget	http://www.blogger.com/rearrange?blogID=5862274322950929642&widgetType=HTML&widgetId=HTML3&action=editWidget	research/jugarjuegosescape-roomz/20101205143843__5880feaff0c8__room.html
20101205143843	http://jugarjuegosescape.blogspot.com/2008/11/room.html	http://www.blogger.com/rsd.g?blogID	http://www.blogger.com/rsd.g?blogID	research/jugarjuegosescape-roomz/20101205143843__5880feaff0c8__room.html
20101205143843	http://jugarjuegosescape.blogspot.com/2008/11/room.html	http://www.blogger.com/rsd.g?blogID=5862274322950929642	http://www.blogger.com/rsd.g?blogID=5862274322950929642	research/jugarjuegosescape-roomz/20101205143843__5880feaff0c8__room.html
20101205143843	http://jugarjuegosescape.blogspot.com/2008/11/room.html	http://www.blogger.com/static/v1/widgets/2861516469-widgets.js	http://www.blogger.com/static/v1/widgets/2861516469-widgets.js	research/jugarjuegosescape-roomz/20101205143843__5880feaff0c8__room.html
20101205143843	http://jugarjuegosescape.blogspot.com/2008/11/room.html	http://www.blogger.com/static/v1/widgets/3734822104-widget_css_bundle.css	http://www.blogger.com/static/v1/widgets/3734822104-widget_css_bundle.css	research/jugarjuegosescape-roomz/20101205143843__5880feaff0c8__room.html
20101205143843	http://jugarjuegosescape.blogspot.com/2008/11/room.html	http://www.escapejuegos.com/	http://www.escapejuegos.com/	research/jugarjuegosescape-roomz/20101205143843__5880feaff0c8__room.html
20101205143843	http://jugarjuegosescape.blogspot.com/2008/11/room.html	http://www.facebook.com/plugins/likebox.php?id=39574717271&width=750&connections=26&stream=false&header=true&height=310	http://www.facebook.com/plugins/likebox.php?id=39574717271&width=750&connections=26&stream=false&header=true&height=310	research/jugarjuegosescape-roomz/20101205143843__5880feaff0c8__room.html
20101205143843	http://jugarjuegosescape.blogspot.com/2008/11/room.html	http://www.google.com/2005/gml/b	http://www.google.com/2005/gml/b	research/jugarjuegosescape-roomz/20101205143843__5880feaff0c8__room.html
20101205143843	http://jugarjuegosescape.blogspot.com/2008/11/room.html	http://www.google.com/2005/gml/data	http://www.google.com/2005/gml/data	research/jugarjuegosescape-roomz/20101205143843__5880feaff0c8__room.html
20101205143843	http://jugarjuegosescape.blogspot.com/2008/11/room.html	http://www.google.com/2005/gml/expr	http://www.google.com/2005/gml/expr	research/jugarjuegosescape-roomz/20101205143843__5880feaff0c8__room.html
20101205143843	http://jugarjuegosescape.blogspot.com/2008/11/room.html	http://www.macromedia.com/go/getflashplayer	http://www.macromedia.com/go/getflashplayer	research/jugarjuegosescape-roomz/20101205143843__5880feaff0c8__room.html
20101205143843	http://jugarjuegosescape.blogspot.com/2008/11/room.html	http://www.statcounter.com/blogger/	http://www.statcounter.com/blogger/	research/jugarjuegosescape-roomz/20101205143843__5880feaff0c8__room.html
20101205143843	http://jugarjuegosescape.blogspot.com/2008/11/room.html	http://www.statcounter.com/counter/counter_xhtml.js	http://www.statcounter.com/counter/counter_xhtml.js	research/jugarjuegosescape-roomz/20101205143843__5880feaff0c8__room.html
20101205143843	http://jugarjuegosescape.blogspot.com/2008/11/room.html	http://www.w3.org/1999/xhtml	http://www.w3.org/1999/xhtml	research/jugarjuegosescape-roomz/20101205143843__5880feaff0c8__room.html
20101205143843	http://jugarjuegosescape.blogspot.com/2008/11/room.html	http://www.w3.org/TR/xhtml1/DTD/xhtml1-strict.dtd	http://www.w3.org/TR/xhtml1/DTD/xhtml1-strict.dtd	research/jugarjuegosescape-roomz/20101205143843__5880feaff0c8__room.html
20101205143843	http://jugarjuegosescape.blogspot.com/2008/11/room.html	templates/template-twocol.htm	http://jugarjuegosescape.blogspot.com/2008/11/templates/template-twocol.htm	research/jugarjuegosescape-roomz/20101205143843__5880feaff0c8__room.html
