forum_id	forum_name	topic_id	topic_title	href	timestamp
3	Roomz	164	Room 40 - Not another checking	viewtopic.php?t=164	20071030230431
3	Roomz	164	Room 40 - Not another checking	viewtopic.php?t=164	20080226030542
3	Roomz	164	Room 40 - Not another checking	viewtopic.php?t=164	20080303002027
3	Roomz	164	Room 40 - Not another checking	viewtopic.php?t=164	20081221120223
3	Roomz	164	Room 40 - Not another checking	viewtopic.php?t=164	20090220190658
3	Roomz	164	Room 40 - Not another checking	viewtopic.php?t=164	20110618033651
3	Roomz	164	Room 40 - Not another checking	viewtopic.php?t=164	20110913045735
3	Roomz	164	Room 40 - Not another checking	viewtopic.php?t=164	20120214184932
3	Roomz	186	Room 41 - Ready..Aim... (part1)	viewtopic.php?t=186	20071030230431
3	Roomz	187	Room 42 - Riddles in the ROOMZ	viewtopic.php?t=187	20071030230431
3	Roomz	187	Room 42 - Riddles in the ROOMZ	viewtopic.php?t=187	20080226030542
3	Roomz	187	Room 42 - Riddles in the ROOMZ	viewtopic.php?t=187	20080303002027
3	Roomz	187	Room 42 - Riddles in the ROOMZ	viewtopic.php?t=187	20081221120223
3	Roomz	187	Room 42 - Riddles in the ROOMZ	viewtopic.php?t=187	20090220190658
3	Roomz	187	Room 42 - Riddles in the ROOMZ	viewtopic.php?t=187	20110618033651
3	Roomz	187	Room 42 - Riddles in the ROOMZ	viewtopic.php?t=187	20110913045735
3	Roomz	187	Room 42 - Riddles in the ROOMZ	viewtopic.php?t=187	20120214184932
3	Roomz	212	Room 43 - Underwater journey	viewtopic.php?t=212	20071030230431
3	Roomz	212	Room 43 - Underwater journey	viewtopic.php?t=212	20080226030542
3	Roomz	212	Room 43 - Underwater journey	viewtopic.php?t=212	20080303002027
3	Roomz	212	Room 43 - Underwater journey	viewtopic.php?t=212	20081221120223
3	Roomz	212	Room 43 - Underwater journey	viewtopic.php?t=212	20090220190658
3	Roomz	212	Room 43 - Underwater journey	viewtopic.php?t=212	20110618033651
3	Roomz	212	Room 43 - Underwater journey	viewtopic.php?t=212	20110913045735
3	Roomz	212	Room 43 - Underwater journey	viewtopic.php?t=212	20120214184932
3	Roomz	215	Room 41 - Ready... Aim... (part2)	viewtopic.php?t=215	20071030230431
3	Roomz	215	Room 41 - Ready... Aim... (part2)	viewtopic.php?t=215	20080226030542
3	Roomz	215	Room 41 - Ready... Aim... (part2)	viewtopic.php?t=215	20080303002027
3	Roomz	215	Room 41 - Ready... Aim... (part2)	viewtopic.php?t=215	20081221120223
3	Roomz	215	Room 41 - Ready... Aim... (part2)	viewtopic.php?t=215	20090220190658
3	Roomz	215	Room 41 - Ready... Aim... (part2)	viewtopic.php?t=215	20110618033651
3	Roomz	215	Room 41 - Ready... Aim... (part2)	viewtopic.php?t=215	20110913045735
3	Roomz	215	Room 41 - Ready... Aim... (part2)	viewtopic.php?t=215	20120214184932
3	Roomz	236	Room 44 - A real pain...	viewtopic.php?t=236	20071030230431
3	Roomz	236	Room 44 - A real pain...	viewtopic.php?t=236	20080226030542
3	Roomz	236	Room 44 - A real pain...	viewtopic.php?t=236	20080303002027
3	Roomz	236	Room 44 - A real pain...	viewtopic.php?t=236	20081221120223
3	Roomz	236	Room 44 - A real pain...	viewtopic.php?t=236	20090220190658
3	Roomz	236	Room 44 - A real pain...	viewtopic.php?t=236	20110618033651
3	Roomz	236	Room 44 - A real pain...	viewtopic.php?t=236	20110913045735
3	Roomz	236	Room 44 - A real pain...	viewtopic.php?t=236	20120214184932
3	Roomz	250	Room 45 - When will it come out?	viewtopic.php?t=250	20071030230431
3	Roomz	250	Room 45 - When will it come out?	viewtopic.php?t=250	20080226030542
3	Roomz	250	Room 45 - When will it come out?	viewtopic.php?t=250	20080303002027
3	Roomz	308	Room 45 - Never ending story...	viewtopic.php?t=308	20080226030542
3	Roomz	308	Room 45 - Never ending story...	viewtopic.php?t=308	20080303002027
3	Roomz	308	Room 45 - Never ending story...	viewtopic.php?t=308	20081221120223
3	Roomz	308	Room 45 - Never ending story...	viewtopic.php?t=308	20090220190658
3	Roomz	308	Room 45 - Never ending story...	viewtopic.php?t=308	20110618033651
3	Roomz	308	Room 45 - Never ending story...	viewtopic.php?t=308	20110913045735
3	Roomz	308	Room 45 - Never ending story...	viewtopic.php?t=308	20120214184932
3	Roomz	396	Bonus Room 5 - Leaf != Leaf	viewtopic.php?t=396	20081221120223
3	Roomz	396	Bonus Room 5 - Leaf != Leaf	viewtopic.php?t=396	20090220190658
3	Roomz	396	Bonus Room 5 - Leaf != Leaf	viewtopic.php?t=396	20110618033651
3	Roomz	396	Bonus Room 5 - Leaf != Leaf	viewtopic.php?t=396	20110913045735
3	Roomz	396	Bonus Room 5 - Leaf != Leaf	viewtopic.php?t=396	20120214184932
