topic_id	mapped_title	timestamp	original	digest	length
7	Sticky: Funny Thing	20070318125310	http://theroomz.19.forumer.com:80/viewtopic.php?t=7&start=0&postdays=0&postorder=asc&highlight=&sid=c40b6c5e936987dbd22ecbd02e63f801	S4ATTKW57UF6ZZCXFEAYCECMPT4IL35G	7159
14	1	20080213040904	http://theroomz.19.forumer.com:80/viewtopic.php?t=14&start=25&postdays=0&postorder=asc&highlight=&sid=a0d919c36a91fc76cc6721e2290ee305	BVHM6X5UX7K4E5NYWJKQW5BFARRAL55O	12978
6	Announcement: All about THE ROOMZ project	20070314005339	http://theroomz.19.forumer.com:80/viewtopic.php?t=6&highlight=&sid=4f84b4d42e4ce4e7283c15c8e9c3b2a6	BTLZPZVYAW6TY32EUCB47JMDWS72DCJF	8844
7	Sticky: Funny Thing	20070315230846	http://theroomz.19.forumer.com:80/viewtopic.php?t=7&highlight=&sid=e27435025e1f5c08973125c7154cecda	PVDSW33BGCRJZP4HQ25FZE3UEI4GWYVX	7142
7	Sticky: Funny Thing	20070317013629	http://theroomz.19.forumer.com:80/viewtopic.php?t=7&highlight=&sid=e27435025e1f5c08973125c7154cecda	HLVFMLBX77DDB5BIE736SF3GWKVH5RJ7	7143
73	Name of the song	20070315230908	http://theroomz.19.forumer.com:80/viewtopic.php?t=73&highlight=&sid=e27435025e1f5c08973125c7154cecda	AIFJUQA24CB4YAGAOW2NPC3LNJ7MOGF3	7598
8	Sticky: How to register on the foroom?	20070316024136	http://theroomz.19.forumer.com:80/viewtopic.php?t=8&highlight=&sid=e27435025e1f5c08973125c7154cecda	2GNAQ2NF32NBP2QWTETGTY55WOI72RB6	7788
14	1	20080213033107	http://theroomz.19.forumer.com:80/viewtopic.php?t=14&postdays=0&postorder=asc&start=0&sid=a0d919c36a91fc76cc6721e2290ee305	T4K62FYMBPMQ2AGC72UPYWOR62VLBIW5	13536
14	1	20080213040828	http://theroomz.19.forumer.com:80/viewtopic.php?t=14&postdays=0&postorder=asc&start=100&sid=a0d919c36a91fc76cc6721e2290ee305	JU66ORI2QBZ2Q3JOIU2WUU3GNQZRHNWJ	13992
60	8	20110731044014	http://theroomz.19.forumer.com/viewtopic.php?t=60&postdays=0&postorder=asc&start=100&sid=554ffabdf7eda579e500289a6a33529c	MH6HZIDCCHV5VAO76DXAPOOVA3S3IB4M	14630
14	1	20080213040832	http://theroomz.19.forumer.com:80/viewtopic.php?t=14&postdays=0&postorder=asc&start=125&sid=a0d919c36a91fc76cc6721e2290ee305	LRTOUE3XANTJMW4ZVS4PMJTI4GRVUNFN	13075
14	1	20080213040838	http://theroomz.19.forumer.com:80/viewtopic.php?t=14&postdays=0&postorder=asc&start=150&sid=a0d919c36a91fc76cc6721e2290ee305	JPKGBXI4CI5UOPNEKADASMVZJEOMVPEB	14475
14	1	20080213040843	http://theroomz.19.forumer.com:80/viewtopic.php?t=14&postdays=0&postorder=asc&start=175&sid=a0d919c36a91fc76cc6721e2290ee305	6OJZ44LR2UQ5BSCTVJWKSTKAJ2N35UFR	13971
14	1	20080213040848	http://theroomz.19.forumer.com:80/viewtopic.php?t=14&postdays=0&postorder=asc&start=200&sid=a0d919c36a91fc76cc6721e2290ee305	PIUQYAUOA5SGKYLFEPEVX55JQ4MPZCWH	13063
14	1	20080213040854	http://theroomz.19.forumer.com:80/viewtopic.php?t=14&postdays=0&postorder=asc&start=225&sid=a0d919c36a91fc76cc6721e2290ee305	W2TMEM433IOESUWYC6SFBTVH3P7YFVKD	8220
14	1	20080213033112	http://theroomz.19.forumer.com:80/viewtopic.php?t=14&postdays=0&postorder=asc&start=50&sid=a0d919c36a91fc76cc6721e2290ee305	B7B5LBCWX3JGKMKP7FD6LL24EK6XL2MX	14285
14	1	20080213040859	http://theroomz.19.forumer.com:80/viewtopic.php?t=14&postdays=0&postorder=asc&start=75&sid=a0d919c36a91fc76cc6721e2290ee305	MA2LODLUCT33QKOADSCDH3TQW6NFTQCR	14286
10	8	20080208154158	http://theroomz.19.forumer.com:80/viewtopic.php?t=10&start=0&sid=0c892ab91f8b899c616578b04962c74f	FRQ2R6C7Q7YFDEUSIZTOEGSICP4JTMCE	13372
109	1	20080208154216	http://theroomz.19.forumer.com:80/viewtopic.php?t=109&start=0&sid=0c892ab91f8b899c616578b04962c74f	XH5VCHOQE6CLPOQHH72P2BSH5I73KKEJ	14136
11	11	20080208154235	http://theroomz.19.forumer.com:80/viewtopic.php?t=11&start=0&sid=0c892ab91f8b899c616578b04962c74f	O5SVX3QGX4O4XIJDEDQZEA5N2W7ZEOAL	13506
110	13	20080208154255	http://theroomz.19.forumer.com:80/viewtopic.php?t=110&start=0&sid=0c892ab91f8b899c616578b04962c74f	VSMZCU2EJ6VVGP7VZ4NQWIUOGXOUAKAG	14127
121	9	20080208154315	http://theroomz.19.forumer.com:80/viewtopic.php?t=121&start=0&sid=0c892ab91f8b899c616578b04962c74f	H5HVNXN2YDMUS4WNISZC7IKYUUFDXLDS	14288
122	15	20080208154336	http://theroomz.19.forumer.com:80/viewtopic.php?t=122&start=0&sid=0c892ab91f8b899c616578b04962c74f	QHCEVKN7QJNXUZJCRSDKIZA5D6IATBAU	14255
124	13	20080208154356	http://theroomz.19.forumer.com:80/viewtopic.php?t=124&start=0&sid=0c892ab91f8b899c616578b04962c74f	YGKHUZKK5A3KMXSP2TDXAIKVQY2OJYY5	13959
126	11	20080208154416	http://theroomz.19.forumer.com:80/viewtopic.php?t=126&start=0&sid=0c892ab91f8b899c616578b04962c74f	L2L4PN5AHTVPGELUBEIQPU35VDVE5T5E	13592
13	Level 4 - forgotten life	20080208154440	http://theroomz.19.forumer.com:80/viewtopic.php?t=13&start=0&sid=0c892ab91f8b899c616578b04962c74f	VCQ5DKGKRDBVFIRH5X6G4BWODLE56F26	11775
130	5	20080208154501	http://theroomz.19.forumer.com:80/viewtopic.php?t=130&start=0&sid=0c892ab91f8b899c616578b04962c74f	PWHE4AW3DPAFDPHCH5C2RD77HVRLGPR7	13455
139	1	20080208154521	http://theroomz.19.forumer.com:80/viewtopic.php?t=139&start=0&sid=0c892ab91f8b899c616578b04962c74f	6YGLWHMMWQXVFPBH4IN3U3ITDSEC4DFO	13653
14	1	20080208154541	http://theroomz.19.forumer.com:80/viewtopic.php?t=14&start=0&sid=0c892ab91f8b899c616578b04962c74f	SVX4YGAVH6I3P6PCX3H5MJVJH2HR5THY	13478
141	4	20080208154602	http://theroomz.19.forumer.com:80/viewtopic.php?t=141&start=0&sid=0c892ab91f8b899c616578b04962c74f	Z53DXXH7655P6ZN6NCP4WVKXANRG5ENE	13503
142	5	20080208154623	http://theroomz.19.forumer.com:80/viewtopic.php?t=142&start=0&sid=0c892ab91f8b899c616578b04962c74f	DIS7XJ6FMUQYUDOB6PER6AOQDTDLGCE4	13362
15	Room 2 - the truth of bricks	20080208154642	http://theroomz.19.forumer.com:80/viewtopic.php?t=15&start=0&sid=0c892ab91f8b899c616578b04962c74f	WKR3V2BUGUCVG7BAFPUSG22FUJPHTQOY	12145
152	Room 38 - The flickering	20080208154703	http://theroomz.19.forumer.com:80/viewtopic.php?t=152&start=0&sid=0c892ab91f8b899c616578b04962c74f	OYKDSKM26L4E5VYKWPXTHRFST77U4KTV	14185
153	7	20080208154732	http://theroomz.19.forumer.com:80/viewtopic.php?t=153&start=0&sid=0c892ab91f8b899c616578b04962c74f	SIMMIUZNWZSYHXOYV4ODUYXNOQ6J7ELI	14854
16	1	20080208154748	http://theroomz.19.forumer.com:80/viewtopic.php?t=16&start=0&sid=0c892ab91f8b899c616578b04962c74f	NA6QTJOTBGTEUKGIEMHW3LPQCYJPB7LL	12165
164	2	20080208154822	http://theroomz.19.forumer.com:80/viewtopic.php?t=164&start=0&sid=0c892ab91f8b899c616578b04962c74f	U4HG3BUHGGUTY5RXFULSQWK7FEEHCW6W	14702
165	1	20080208154833	http://theroomz.19.forumer.com:80/viewtopic.php?t=165&start=0&sid=0c892ab91f8b899c616578b04962c74f	SJNHFMXBXVNETMCEV3SXJ6WF6GPIM6RY	14724
17	Room 7 - challenge time	20080208155010	http://theroomz.19.forumer.com:80/viewtopic.php?t=17&start=0&sid=0c892ab91f8b899c616578b04962c74f	ZFFI65PX3J6AHURSVDEJB32TITFOAT5H	12990
187	1	20080208155031	http://theroomz.19.forumer.com:80/viewtopic.php?t=187&start=0&sid=0c892ab91f8b899c616578b04962c74f	JKCYYRXBYE5S4W6QXWSCQLE633C7BPJL	15335
20	1	20080208155051	http://theroomz.19.forumer.com:80/viewtopic.php?t=20&start=0&sid=0c892ab91f8b899c616578b04962c74f	O2HGT7MRDEV5OXJ2VSHY2WZFNT7NEEG5	13832
212	Room 43 - Underwater journey	20080208155111	http://theroomz.19.forumer.com:80/viewtopic.php?t=212&start=0&sid=0c892ab91f8b899c616578b04962c74f	TJH3QF3RCXCD3BRNPED7ABU4UYDVXG2B	15041
215	5	20080208155131	http://theroomz.19.forumer.com:80/viewtopic.php?t=215&start=0&sid=0c892ab91f8b899c616578b04962c74f	BVWPPCDIH24KQGMKI33TTSK7LDH6O3ZB	12735
227	Bonus room 4 - The Big Secret.	20080208155151	http://theroomz.19.forumer.com:80/viewtopic.php?t=227&start=0&sid=0c892ab91f8b899c616578b04962c74f	UWIYEXEMVMOU6IXYPMX3X4GMPVSANVFU	15035
23	1	20080208155206	http://theroomz.19.forumer.com:80/viewtopic.php?t=23&start=0&sid=0c892ab91f8b899c616578b04962c74f	ARTNEQP6FTY3VBH32S6RIZP5A246UPLW	13123
236	1	20080208155221	http://theroomz.19.forumer.com:80/viewtopic.php?t=236&start=0&sid=0c892ab91f8b899c616578b04962c74f	DSDYUZPR2PM3Z5QVOCFGFCKRNWO7D63W	15884
250	1	20080208155242	http://theroomz.19.forumer.com:80/viewtopic.php?t=250&start=0&sid=0c892ab91f8b899c616578b04962c74f	KTI7VK5DCJBG4OCY4WHPINVB4NFB3ZVZ	13759
308	Room 45 - Never ending story...	20080208155251	http://theroomz.19.forumer.com:80/viewtopic.php?t=308&start=0&sid=0c892ab91f8b899c616578b04962c74f	4XVQRBJ7J5MNVHOLCNBX3FZWU4YSIQZL	16873
32	3	20080208155312	http://theroomz.19.forumer.com:80/viewtopic.php?t=32&start=0&sid=0c892ab91f8b899c616578b04962c74f	ABZSAITNQJF4CDQRG4C4R57N3Z5WPITX	13492
34	6	20080208155332	http://theroomz.19.forumer.com:80/viewtopic.php?t=34&start=0&sid=0c892ab91f8b899c616578b04962c74f	HSIUQWEJNUO4K5NAV5RUXHKMNNRWWFQC	13848
36	1	20080208155351	http://theroomz.19.forumer.com:80/viewtopic.php?t=36&start=0&sid=0c892ab91f8b899c616578b04962c74f	L67NXBHJQFLXL2CYRNX6CYLJRWDMEZGW	13353
37	2	20080208155411	http://theroomz.19.forumer.com:80/viewtopic.php?t=37&start=0&sid=0c892ab91f8b899c616578b04962c74f	ZCNKNKSZNJPERMERFN4IPWGXZTF2IQAT	13787
38	9	20080208155431	http://theroomz.19.forumer.com:80/viewtopic.php?t=38&start=0&sid=0c892ab91f8b899c616578b04962c74f	AKVZGQCHGNWCP2JZNZLQ55WLNWSZPKTR	12412
39	4	20080208155452	http://theroomz.19.forumer.com:80/viewtopic.php?t=39&start=0&sid=0c892ab91f8b899c616578b04962c74f	D2HEXPW2T7RX4UDG2F5KUDIPERFVW74A	14458
41	3	20080208155512	http://theroomz.19.forumer.com:80/viewtopic.php?t=41&start=0&sid=0c892ab91f8b899c616578b04962c74f	AAYH55Q3CHQP36MWZO2KHUER5GP2BPZV	13606
46	Room 19 - even more stuff	20080208155534	http://theroomz.19.forumer.com:80/viewtopic.php?t=46&start=0&sid=0c892ab91f8b899c616578b04962c74f	M4MTN3MNON4EQ4BCGYZ4B57SCAWKJLJW	13677
48	2	20080208155557	http://theroomz.19.forumer.com:80/viewtopic.php?t=48&start=0&sid=0c892ab91f8b899c616578b04962c74f	5TSYHJ7RS2VC4Z4KV2XURB7WTKJJ4I5W	14221
5	1	20080208155628	http://theroomz.19.forumer.com:80/viewtopic.php?t=5&start=0&sid=0c892ab91f8b899c616578b04962c74f	6E6OO3A5HWMVMEMZUQVULMNASNWHKNKF	13274
55	Room 21 - Around the paper	20080208155649	http://theroomz.19.forumer.com:80/viewtopic.php?t=55&start=0&sid=0c892ab91f8b899c616578b04962c74f	FDC3XQIRF7HLEZY3PVDZFZH5LYZH4UL6	13534
58	Room 22 - Hot Sun	20080208155709	http://theroomz.19.forumer.com:80/viewtopic.php?t=58&start=0&sid=0c892ab91f8b899c616578b04962c74f	KPZNENJ5UGEHW5VGYHG2UEOXEHVFT5AI	14344
59	Room 23 - In the basement	20080208155728	http://theroomz.19.forumer.com:80/viewtopic.php?t=59&start=0&sid=0c892ab91f8b899c616578b04962c74f	LVQPOIMHWJL77MNBSIGIBAR4BLZIQZWD	14248
60	8	20080208155749	http://theroomz.19.forumer.com:80/viewtopic.php?t=60&start=0&sid=0c892ab91f8b899c616578b04962c74f	SI3KG3O5MOLG2MJ73QFA25GPJJT3QSSY	13410
61	4	20080208155809	http://theroomz.19.forumer.com:80/viewtopic.php?t=61&start=0&sid=0c892ab91f8b899c616578b04962c74f	BROFEGQGM62YVB5CQNZKUWYDQWXMEQV3	14340
76	room 26 - confession time	20080208155829	http://theroomz.19.forumer.com:80/viewtopic.php?t=76&start=0&sid=0c892ab91f8b899c616578b04962c74f	MIE4UXWP44RRDH5YFCTIAHSSMBI3IYIF	14452
78	8	20080208155844	http://theroomz.19.forumer.com:80/viewtopic.php?t=78&start=0&sid=0c892ab91f8b899c616578b04962c74f	GBUBJMYCZGE73T7ERUILS52L6DWZX4FC	13957
97	2	20080208155904	http://theroomz.19.forumer.com:80/viewtopic.php?t=97&start=0&sid=0c892ab91f8b899c616578b04962c74f	OURCPACXZWEENCBBBKROMY4KDI7R5TO4	14907
109	1	20080208154220	http://theroomz.19.forumer.com:80/viewtopic.php?t=109&start=100&sid=0c892ab91f8b899c616578b04962c74f	CKE7JYIN5LNNSZYVUMQ47XW2LMXR2C5Y	15461
130	5	20080208154506	http://theroomz.19.forumer.com:80/viewtopic.php?t=130&start=100&sid=0c892ab91f8b899c616578b04962c74f	A3QVYPFKFHMZOLXNNCD42V3ZFXYDXQJX	14299
139	1	20080208154526	http://theroomz.19.forumer.com:80/viewtopic.php?t=139&start=100&sid=0c892ab91f8b899c616578b04962c74f	WL7UB543FODOSBF2WDYVBPTN44FEBUPE	15538
152	Room 38 - The flickering	20080208154707	http://theroomz.19.forumer.com:80/viewtopic.php?t=152&start=100&sid=0c892ab91f8b899c616578b04962c74f	ZHJWCLEBSEELRJA2RSH3SI5MGYQIXZUV	15180
153	7	20080208154734	http://theroomz.19.forumer.com:80/viewtopic.php?t=153&start=100&sid=0c892ab91f8b899c616578b04962c74f	ZM2IPH4C5VI73Q2WLVKL3B4ZWZOOPCCK	14529
16	1	20080208154756	http://theroomz.19.forumer.com:80/viewtopic.php?t=16&start=100&sid=0c892ab91f8b899c616578b04962c74f	M7LLEGQFYMINPCL27JCEMSBX27VYD5NX	10899
17	Room 7 - challenge time	20080208155014	http://theroomz.19.forumer.com:80/viewtopic.php?t=17&start=100&sid=0c892ab91f8b899c616578b04962c74f	2HUXYBRWLOFMC222TEZMST7ZKXX4RNLT	8792
20	1	20080208155056	http://theroomz.19.forumer.com:80/viewtopic.php?t=20&start=100&sid=0c892ab91f8b899c616578b04962c74f	HJJKJNXPDTY7GJ56TZPV5YPRPWAVJT5S	14884
212	Room 43 - Underwater journey	20080208155116	http://theroomz.19.forumer.com:80/viewtopic.php?t=212&start=100&sid=0c892ab91f8b899c616578b04962c74f	TUS4422L7OJAVRLG2T47UOXTGAIOMNWP	14653
215	5	20080208155135	http://theroomz.19.forumer.com:80/viewtopic.php?t=215&start=100&sid=0c892ab91f8b899c616578b04962c74f	NUJ3EBDUKBI6I25TRGCSN7OZQX772U67	9779
236	1	20080208155226	http://theroomz.19.forumer.com:80/viewtopic.php?t=236&start=100&sid=0c892ab91f8b899c616578b04962c74f	CNGTUPGKB3NQSLYG22NIDPJYY6FYCGKB	16004
308	Room 45 - Never ending story...	20080208155256	http://theroomz.19.forumer.com:80/viewtopic.php?t=308&start=100&sid=0c892ab91f8b899c616578b04962c74f	TKK4CKKGS7RSQZ5EI4RQM4FP3O6GRS7W	8813
34	6	20080208155336	http://theroomz.19.forumer.com:80/viewtopic.php?t=34&start=100&sid=0c892ab91f8b899c616578b04962c74f	PQMGI5ZYGSBA76LYRC4WGR236V4OPIJZ	13766
5	1	20080208155633	http://theroomz.19.forumer.com:80/viewtopic.php?t=5&start=100&sid=0c892ab91f8b899c616578b04962c74f	TRSFIJLESYTOYFWI667WLPZBOG6VGMX5	13648
55	Room 21 - Around the paper	20080208155653	http://theroomz.19.forumer.com:80/viewtopic.php?t=55&start=100&sid=0c892ab91f8b899c616578b04962c74f	IUMJQK7LDP5SP6AE5VXBFAWFVAHIYGN3	10973
59	Room 23 - In the basement	20080208155733	http://theroomz.19.forumer.com:80/viewtopic.php?t=59&start=100&sid=0c892ab91f8b899c616578b04962c74f	FA3HUVYGRLKIWSCG36W3BJRWN23BRSNL	15554
60	8	20080208155754	http://theroomz.19.forumer.com:80/viewtopic.php?t=60&start=100&sid=0c892ab91f8b899c616578b04962c74f	UYDWCV7J7FPOFTD776PQEIRNQK5SF6BN	14665
78	8	20080208155849	http://theroomz.19.forumer.com:80/viewtopic.php?t=78&start=100&sid=0c892ab91f8b899c616578b04962c74f	4RBSPZHGGIXSV7VRSN35SLBB2ETBRYOC	15486
10	8	20080208154201	http://theroomz.19.forumer.com:80/viewtopic.php?t=10&start=125&sid=0c892ab91f8b899c616578b04962c74f	TQSJNUG3PEEDXTEQRBXIYAL5DYQFV73B	14192
109	1	20080208154225	http://theroomz.19.forumer.com:80/viewtopic.php?t=109&start=125&sid=0c892ab91f8b899c616578b04962c74f	VLI4VYZLKRH2JXIBSBYZZ3BL3DAYLOG2	15509
121	9	20080208154320	http://theroomz.19.forumer.com:80/viewtopic.php?t=121&start=125&sid=0c892ab91f8b899c616578b04962c74f	HRL5QBV7H3IMTGGKJ4GUVFXLS3GN7ZE3	13558
139	1	20080208154531	http://theroomz.19.forumer.com:80/viewtopic.php?t=139&start=125&sid=0c892ab91f8b899c616578b04962c74f	3THGHY4VHUZXCQTZEKK6PF3YUNCBLUYH	15444
152	Room 38 - The flickering	20080208154712	http://theroomz.19.forumer.com:80/viewtopic.php?t=152&start=125&sid=0c892ab91f8b899c616578b04962c74f	CCJPOO6MCUZ7CYUP2H2ABR2C644DGBWD	13590
153	7	20080208154738	http://theroomz.19.forumer.com:80/viewtopic.php?t=153&start=125&sid=0c892ab91f8b899c616578b04962c74f	GTT737DQ4CPGCRLFVG5FGFIV732NI35X	14587
20	1	20080208155100	http://theroomz.19.forumer.com:80/viewtopic.php?t=20&start=125&sid=0c892ab91f8b899c616578b04962c74f	BX4CIVEPJHMITSN3KKG6IPTMYXME2O67	8122
212	Room 43 - Underwater journey	20080208155121	http://theroomz.19.forumer.com:80/viewtopic.php?t=212&start=125&sid=0c892ab91f8b899c616578b04962c74f	KDSD7LIGNLCWYHJWMNYEXQIIBLZFQTMN	15082
236	1	20080208155231	http://theroomz.19.forumer.com:80/viewtopic.php?t=236&start=125&sid=0c892ab91f8b899c616578b04962c74f	UUXS3Q3ICK2ZV6Y6ID54V4V5P3DSHEPC	14771
34	6	20080208155341	http://theroomz.19.forumer.com:80/viewtopic.php?t=34&start=125&sid=0c892ab91f8b899c616578b04962c74f	3QWCWQMIZRMEJP6WLSVEBP6FZCOOJWBO	13427
38	9	20080208155437	http://theroomz.19.forumer.com:80/viewtopic.php?t=38&start=125&sid=0c892ab91f8b899c616578b04962c74f	WY2M4Y7YYRZPFWGRKSTZKJ5ILB4XCBZY	14019
5	1	20080208155638	http://theroomz.19.forumer.com:80/viewtopic.php?t=5&start=125&sid=0c892ab91f8b899c616578b04962c74f	2RT5Z43CNWD3NALMIT6EQNZCZEYFHHSD	8463
59	Room 23 - In the basement	20080208155739	http://theroomz.19.forumer.com:80/viewtopic.php?t=59&start=125&sid=0c892ab91f8b899c616578b04962c74f	K5SI4APNNSUKO3W7LHOE42RBE3TPU4RP	10589
60	8	20080208155759	http://theroomz.19.forumer.com:80/viewtopic.php?t=60&start=125&sid=0c892ab91f8b899c616578b04962c74f	H3OZ6UABTQUYNDGSFKB6PO6UQOXA6H2X	14747
78	8	20080208155857	http://theroomz.19.forumer.com:80/viewtopic.php?t=78&start=125&sid=0c892ab91f8b899c616578b04962c74f	Z5WLWQT5UAF4DYQ7EQDCGHW3HPTS4TVG	15762
10	8	20080208154205	http://theroomz.19.forumer.com:80/viewtopic.php?t=10&start=150&sid=0c892ab91f8b899c616578b04962c74f	FRJ2MV4Z2FI5IE36C5HRGUXTMB2RHZHN	14970
109	1	20080208154230	http://theroomz.19.forumer.com:80/viewtopic.php?t=109&start=150&sid=0c892ab91f8b899c616578b04962c74f	S7HIPQ656EVWDOO7BJCHMZINYZHL4S4I	12177
121	9	20080208154325	http://theroomz.19.forumer.com:80/viewtopic.php?t=121&start=150&sid=0c892ab91f8b899c616578b04962c74f	JVTTE6Y7S6VV4SV42XS5AAGF6IFLRBFA	14097
13	Level 4 - forgotten life	20080208154446	http://theroomz.19.forumer.com:80/viewtopic.php?t=13&start=150&sid=0c892ab91f8b899c616578b04962c74f	2M565JLN7YJFKS2KOROETI3W3BRT2OH4	13620
139	1	20080208154536	http://theroomz.19.forumer.com:80/viewtopic.php?t=139&start=150&sid=0c892ab91f8b899c616578b04962c74f	KDFMRTLTHHYRQV6IFDUMFJNR65NZBNBQ	10146
15	Room 2 - the truth of bricks	20080208154647	http://theroomz.19.forumer.com:80/viewtopic.php?t=15&start=150&sid=0c892ab91f8b899c616578b04962c74f	OU4Y32P5SNCKIL6JTTHFK6BHEVITE3QO	13617
212	Room 43 - Underwater journey	20080208155125	http://theroomz.19.forumer.com:80/viewtopic.php?t=212&start=150&sid=0c892ab91f8b899c616578b04962c74f	AOUUL6NCONEZEVO36V3DZYYQNSYT7HF3	9040
38	9	20080208155443	http://theroomz.19.forumer.com:80/viewtopic.php?t=38&start=150&sid=0c892ab91f8b899c616578b04962c74f	2JGYOGR7OPGGFHUKC6LGNXFX27GNRWDF	13869
60	8	20080208155803	http://theroomz.19.forumer.com:80/viewtopic.php?t=60&start=150&sid=0c892ab91f8b899c616578b04962c74f	ZJWZMPYWHXKUI7VLMN4SRZTNJ6V4SKHN	14056
78	8	20080208155859	http://theroomz.19.forumer.com:80/viewtopic.php?t=78&start=150&sid=0c892ab91f8b899c616578b04962c74f	C526TVSCQUWXOOHDSUPGQR3EKSQQA4YG	11647
10	8	20080208154213	http://theroomz.19.forumer.com:80/viewtopic.php?t=10&start=175&sid=0c892ab91f8b899c616578b04962c74f	KQAJPDUFRKBRHQVA7WK7F6S2SBVISGBD	11729
11	11	20080208154243	http://theroomz.19.forumer.com:80/viewtopic.php?t=11&start=175&sid=0c892ab91f8b899c616578b04962c74f	FE45YJLI56X5DYNBYAJ3OCBCVPTJUSDV	14741
121	9	20080208154330	http://theroomz.19.forumer.com:80/viewtopic.php?t=121&start=175&sid=0c892ab91f8b899c616578b04962c74f	4D7TMK2Z6KJN5IKHAG7SWINS6ZY3WLQS	14802
13	Level 4 - forgotten life	20080208154451	http://theroomz.19.forumer.com:80/viewtopic.php?t=13&start=175&sid=0c892ab91f8b899c616578b04962c74f	O2CNRLKWUNMZHNERF2VAUTH7Y3GWEBBA	13787
14	1	20080208154546	http://theroomz.19.forumer.com:80/viewtopic.php?t=14&start=175&sid=0c892ab91f8b899c616578b04962c74f	YMBKNSCDWUB7G6665HZPNXHDDQBUBDPU	14063
15	Room 2 - the truth of bricks	20080208154651	http://theroomz.19.forumer.com:80/viewtopic.php?t=15&start=175&sid=0c892ab91f8b899c616578b04962c74f	RJVTHW7P6GQPISFIBOIQHHVUXE3OBEPL	13792
38	9	20080208155446	http://theroomz.19.forumer.com:80/viewtopic.php?t=38&start=175&sid=0c892ab91f8b899c616578b04962c74f	H7MLAANIU5TBBXEWRJFRPM67FQPU4B7W	11811
11	11	20080208154245	http://theroomz.19.forumer.com:80/viewtopic.php?t=11&start=200&sid=0c892ab91f8b899c616578b04962c74f	CKHPOEHBJUMHP77T4YESTE6KT6BDK5IZ	14092
110	13	20080208154300	http://theroomz.19.forumer.com:80/viewtopic.php?t=110&start=200&sid=0c892ab91f8b899c616578b04962c74f	VMIQ5MIRCLLQ4CEK4KKVK2SVHAZL54L4	15192
126	11	20080208154421	http://theroomz.19.forumer.com:80/viewtopic.php?t=126&start=200&sid=0c892ab91f8b899c616578b04962c74f	LRLVPI7X2IGNI5OQXPB7OB3TZCDUOQJV	14712
13	Level 4 - forgotten life	20080208154456	http://theroomz.19.forumer.com:80/viewtopic.php?t=13&start=200&sid=0c892ab91f8b899c616578b04962c74f	NWVPUXH6D7IFLRINASBM3FTQTLVUTAXL	9769
14	1	20080208154551	http://theroomz.19.forumer.com:80/viewtopic.php?t=14&start=200&sid=0c892ab91f8b899c616578b04962c74f	AUEM7GNJBIH3DV36U65FYZZFZ4PYMFWJ	13047
15	Room 2 - the truth of bricks	20080208154656	http://theroomz.19.forumer.com:80/viewtopic.php?t=15&start=200&sid=0c892ab91f8b899c616578b04962c74f	2KVPHPF4MPZINF57QQHVKQTHSUPE4OCB	11821
11	11	20080208154250	http://theroomz.19.forumer.com:80/viewtopic.php?t=11&start=225&sid=0c892ab91f8b899c616578b04962c74f	5D3JWBG3KN7ETLL5PHGAGGUNZO5AX726	14224
110	13	20080208154305	http://theroomz.19.forumer.com:80/viewtopic.php?t=110&start=225&sid=0c892ab91f8b899c616578b04962c74f	YJEX3VKWRI7OC7EQXP24UQHEE2TRTLEJ	13471
124	13	20080208154400	http://theroomz.19.forumer.com:80/viewtopic.php?t=124&start=225&sid=0c892ab91f8b899c616578b04962c74f	33OYOBIY64GQEPQMHOSCPCI7CS2M7RYI	14634
126	11	20080208154426	http://theroomz.19.forumer.com:80/viewtopic.php?t=126&start=225&sid=0c892ab91f8b899c616578b04962c74f	V67LRSB62PFTDWVQKLT27AJV43ZVYREV	14251
14	1	20080208154555	http://theroomz.19.forumer.com:80/viewtopic.php?t=14&start=225&sid=0c892ab91f8b899c616578b04962c74f	ZG5HJXWX3H4FQSOYNERDIKSY7TKUBD7Z	8129
187	1	20080208155036	http://theroomz.19.forumer.com:80/viewtopic.php?t=187&start=225&sid=0c892ab91f8b899c616578b04962c74f	YVWKU344ET76DUFCOQ3SVM3X53XWKW5P	15185
141	4	20080208154608	http://theroomz.19.forumer.com:80/viewtopic.php?t=141&start=25&sid=0c892ab91f8b899c616578b04962c74f	7HVMLCJUIPB3AH4RRLGZWHI4BV7YXR3P	15023
142	5	20080208154630	http://theroomz.19.forumer.com:80/viewtopic.php?t=142&start=25&sid=0c892ab91f8b899c616578b04962c74f	4RDLDKE3XHAHXYKQNFEQU3OCMTXIGAWJ	14249
164	2	20080208154823	http://theroomz.19.forumer.com:80/viewtopic.php?t=164&start=25&sid=0c892ab91f8b899c616578b04962c74f	4JXNI3LEYAI3ZDQBNBMXOCQUXSECYO2C	15633
165	1	20080208154840	http://theroomz.19.forumer.com:80/viewtopic.php?t=165&start=25&sid=0c892ab91f8b899c616578b04962c74f	RBVCYY2K6WC4Q7OYAEN5GYZPYNEBUTTD	17146
227	Bonus room 4 - The Big Secret.	20080208155156	http://theroomz.19.forumer.com:80/viewtopic.php?t=227&start=25&sid=0c892ab91f8b899c616578b04962c74f	T3HFQVWPXRPWITQW3BKWBD64XM4ONTNB	14474
23	1	20080208155211	http://theroomz.19.forumer.com:80/viewtopic.php?t=23&start=25&sid=0c892ab91f8b899c616578b04962c74f	C6JHEQHI2FMVTRUZQ5WKQDJNS6JEMJDI	14053
250	1	20080208155246	http://theroomz.19.forumer.com:80/viewtopic.php?t=250&start=25&sid=0c892ab91f8b899c616578b04962c74f	54GEC25BVXF2LIZZG7NVRLT5DILJUAK7	9463
32	3	20080208155316	http://theroomz.19.forumer.com:80/viewtopic.php?t=32&start=25&sid=0c892ab91f8b899c616578b04962c74f	OBZYQY46JFJH4UP3O4UFUSRJOBCBXVWC	14478
36	1	20080208155356	http://theroomz.19.forumer.com:80/viewtopic.php?t=36&start=25&sid=0c892ab91f8b899c616578b04962c74f	6TYQHOLTPHSNBBWWFPIWQH3PP7BJLP3X	12629
37	2	20080208155416	http://theroomz.19.forumer.com:80/viewtopic.php?t=37&start=25&sid=0c892ab91f8b899c616578b04962c74f	WU3UPCTLQM5OPTHFINDSFWYWQCWLYB77	12633
39	4	20080208155458	http://theroomz.19.forumer.com:80/viewtopic.php?t=39&start=25&sid=0c892ab91f8b899c616578b04962c74f	IAMSCQULZ6DRB66DXC4AJQRZEBE2QKN3	15287
41	3	20080208155522	http://theroomz.19.forumer.com:80/viewtopic.php?t=41&start=25&sid=0c892ab91f8b899c616578b04962c74f	TDU2WUPDV2DUENHDTH27HEDR23GCS6KZ	14364
46	Room 19 - even more stuff	20080208155539	http://theroomz.19.forumer.com:80/viewtopic.php?t=46&start=25&sid=0c892ab91f8b899c616578b04962c74f	QMHPLN46LBADAM6SN5OE7YXZENSMSIJX	12332
48	2	20080208155558	http://theroomz.19.forumer.com:80/viewtopic.php?t=48&start=25&sid=0c892ab91f8b899c616578b04962c74f	DCQUHOHMZHIBPNOWHMDBEJ2LIL2EIR5J	10688
58	Room 22 - Hot Sun	20080208155714	http://theroomz.19.forumer.com:80/viewtopic.php?t=58&start=25&sid=0c892ab91f8b899c616578b04962c74f	AWCAEK4HWNK6HGH7WOJGZGGRJP2EZEYH	13708
61	4	20080208155818	http://theroomz.19.forumer.com:80/viewtopic.php?t=61&start=25&sid=0c892ab91f8b899c616578b04962c74f	TNTSIVUUU5PYPTPKPWFIUOHWLPO7NLXV	14970
76	room 26 - confession time	20080208155834	http://theroomz.19.forumer.com:80/viewtopic.php?t=76&start=25&sid=0c892ab91f8b899c616578b04962c74f	SQAMCCEXB2ZO6QHUYQSHFUCDE6VTTUGO	14659
97	2	20080208155910	http://theroomz.19.forumer.com:80/viewtopic.php?t=97&start=25&sid=0c892ab91f8b899c616578b04962c74f	QOVWTNZAFFNQWOUMWEV72I3FD2IDCQVK	14771
110	13	20080208154310	http://theroomz.19.forumer.com:80/viewtopic.php?t=110&start=250&sid=0c892ab91f8b899c616578b04962c74f	VZ7SJVFC2MAA5BHFBWXHHQ3UZO4VYDVI	9303
122	15	20080208154340	http://theroomz.19.forumer.com:80/viewtopic.php?t=122&start=250&sid=0c892ab91f8b899c616578b04962c74f	ZYYT6QWMWTH5CILCGF5EE6Y7TJVSEYTP	14363
124	13	20080208154406	http://theroomz.19.forumer.com:80/viewtopic.php?t=124&start=250&sid=0c892ab91f8b899c616578b04962c74f	HKNJUKLQUOEKRBGKFRGLSNGBTCENAGTL	14276
126	11	20080208154430	http://theroomz.19.forumer.com:80/viewtopic.php?t=126&start=250&sid=0c892ab91f8b899c616578b04962c74f	RMRFSO7WDZ4K7VSB5MSVG62RDFLYARRJ	8342
187	1	20080208155041	http://theroomz.19.forumer.com:80/viewtopic.php?t=187&start=250&sid=0c892ab91f8b899c616578b04962c74f	NRQIPWLH2LORODIIE57KRM4SK2UW37JP	15157
122	15	20080208154345	http://theroomz.19.forumer.com:80/viewtopic.php?t=122&start=275&sid=0c892ab91f8b899c616578b04962c74f	LKC2CQJEEUAYZYUK6SCIDBSIFY3RG6NA	14992
124	13	20080208154411	http://theroomz.19.forumer.com:80/viewtopic.php?t=124&start=275&sid=0c892ab91f8b899c616578b04962c74f	YGBGZXVANCIKULMG6BUGZG5FQVSLXLHO	13253
187	1	20080208155046	http://theroomz.19.forumer.com:80/viewtopic.php?t=187&start=275&sid=0c892ab91f8b899c616578b04962c74f	V4B3ZKID4Q5KYIFWATEPVE6YF5KHFA4C	8999
122	15	20080208154351	http://theroomz.19.forumer.com:80/viewtopic.php?t=122&start=300&sid=0c892ab91f8b899c616578b04962c74f	QVDNK7NLXPFFJOX6TK33P7722M2FFNNG	13864
130	5	20080208154512	http://theroomz.19.forumer.com:80/viewtopic.php?t=130&start=50&sid=0c892ab91f8b899c616578b04962c74f	WWU62JY2CXGEHJXLIX4B6LNEMTFYYOTX	15076
141	4	20080208154611	http://theroomz.19.forumer.com:80/viewtopic.php?t=141&start=50&sid=0c892ab91f8b899c616578b04962c74f	PVDRZXIK5NAZMRSRAMV7PXJCADMIILET	14657
142	5	20080208154631	http://theroomz.19.forumer.com:80/viewtopic.php?t=142&start=50&sid=0c892ab91f8b899c616578b04962c74f	6RXJ4VH4DBIVRTU4VZFPZJWGBGQVQPAI	14817
16	1	20080208154758	http://theroomz.19.forumer.com:80/viewtopic.php?t=16&start=50&sid=0c892ab91f8b899c616578b04962c74f	J32GAYLRLO6Q4NV5PXDBQ7QXHNUDT3VO	13467
164	2	20080208154828	http://theroomz.19.forumer.com:80/viewtopic.php?t=164&start=50&sid=0c892ab91f8b899c616578b04962c74f	6J54TPJWGE3XVHURNZZAS37NYQO7VFIR	10464
165	1	20080208205610	http://theroomz.19.forumer.com:80/viewtopic.php?t=165&start=50&sid=0c892ab91f8b899c616578b04962c74f	OI6DF6IBBF2BSY6F75X5WIIIVI3SV6ZS	14016
17	Room 7 - challenge time	20080208155022	http://theroomz.19.forumer.com:80/viewtopic.php?t=17&start=50&sid=0c892ab91f8b899c616578b04962c74f	HMBFQIOWNFYRAVTU5NDJV4J3MBI6EYYE	14050
215	5	20080208155141	http://theroomz.19.forumer.com:80/viewtopic.php?t=215&start=50&sid=0c892ab91f8b899c616578b04962c74f	7KJNMRD4UGDUE6RK4QK63UBLLTD2GVVK	13800
227	Bonus room 4 - The Big Secret.	20080208155200	http://theroomz.19.forumer.com:80/viewtopic.php?t=227&start=50&sid=0c892ab91f8b899c616578b04962c74f	KWCAKKUDC44X6VRYF7YT3EMBGEJO5VNQ	10929
23	1	20080208155216	http://theroomz.19.forumer.com:80/viewtopic.php?t=23&start=50&sid=0c892ab91f8b899c616578b04962c74f	3KUKHW6OMC4JDLHHPQDPOB2IIDGWWFI5	12401
308	Room 45 - Never ending story...	20080208155301	http://theroomz.19.forumer.com:80/viewtopic.php?t=308&start=50&sid=0c892ab91f8b899c616578b04962c74f	Y5WKHQBLCD2Y5G22FBIDHXM4KCUGGTM2	14660
32	3	20080208155321	http://theroomz.19.forumer.com:80/viewtopic.php?t=32&start=50&sid=0c892ab91f8b899c616578b04962c74f	LZJA5QNEQBXIRQWM7UEBPAUZUDG3CGNV	13331
36	1	20080208155401	http://theroomz.19.forumer.com:80/viewtopic.php?t=36&start=50&sid=0c892ab91f8b899c616578b04962c74f	BVFRMMN5USUVXTBNXWTZ4C564UG4V7I4	14880
37	2	20080208155421	http://theroomz.19.forumer.com:80/viewtopic.php?t=37&start=50&sid=0c892ab91f8b899c616578b04962c74f	45TR3IGUIU4EGG4ZNP7CPOQ2UZUBS2TX	13946
39	4	20080208155502	http://theroomz.19.forumer.com:80/viewtopic.php?t=39&start=50&sid=0c892ab91f8b899c616578b04962c74f	UL2RNXCSUFXIBFEFT4F7UJA22E767TZC	14430
41	3	20080208155523	http://theroomz.19.forumer.com:80/viewtopic.php?t=41&start=50&sid=0c892ab91f8b899c616578b04962c74f	3XXW5NSSEB74XD7XYFXQQCOZPUGTJTMD	15600
46	Room 19 - even more stuff	20080208155543	http://theroomz.19.forumer.com:80/viewtopic.php?t=46&start=50&sid=0c892ab91f8b899c616578b04962c74f	KTC7PEPSRVY72JEVQ2PR7OW5GDLMKKZP	14421
55	Room 21 - Around the paper	20080208155659	http://theroomz.19.forumer.com:80/viewtopic.php?t=55&start=50&sid=0c892ab91f8b899c616578b04962c74f	M44KJFR3V7MXXZL75LUWTLYB3NO7L3WX	14632
58	Room 22 - Hot Sun	20080208155719	http://theroomz.19.forumer.com:80/viewtopic.php?t=58&start=50&sid=0c892ab91f8b899c616578b04962c74f	VRRW757FKY64SBMNOAUMSSYAJYMQ6HUM	13725
61	4	20080208155822	http://theroomz.19.forumer.com:80/viewtopic.php?t=61&start=50&sid=0c892ab91f8b899c616578b04962c74f	RLKRAHI3UN4PYO42U24FC26YWFH7JDHQ	15406
76	room 26 - confession time	20080208155838	http://theroomz.19.forumer.com:80/viewtopic.php?t=76&start=50&sid=0c892ab91f8b899c616578b04962c74f	M5DKK5G5AIS7LJJGNELJNGDFLK3MERUR	8849
97	2	20080208155914	http://theroomz.19.forumer.com:80/viewtopic.php?t=97&start=50&sid=0c892ab91f8b899c616578b04962c74f	FK3N6TLAX6QHVSQ27KFOB7RROSESAVNK	13196
130	5	20080208154516	http://theroomz.19.forumer.com:80/viewtopic.php?t=130&start=75&sid=0c892ab91f8b899c616578b04962c74f	ARIAARLEAJI7ULCRMN6GBF27HI5JHNZF	14854
141	4	20080208154616	http://theroomz.19.forumer.com:80/viewtopic.php?t=141&start=75&sid=0c892ab91f8b899c616578b04962c74f	F3T6G3S7CZHFWN5H26N3QAUIJ7ANRFFQ	12184
142	5	20080208154636	http://theroomz.19.forumer.com:80/viewtopic.php?t=142&start=75&sid=0c892ab91f8b899c616578b04962c74f	NEWLN6DAB2IEK57IZUC64HKDHJP2IRCX	12955
152	Room 38 - The flickering	20080208154717	http://theroomz.19.forumer.com:80/viewtopic.php?t=152&start=75&sid=0c892ab91f8b899c616578b04962c74f	YSOV2V2DV4Y5CTZ7QBJV3Z3WIBTZJ7ZO	14431
153	7	20080208154743	http://theroomz.19.forumer.com:80/viewtopic.php?t=153&start=75&sid=0c892ab91f8b899c616578b04962c74f	XH5AWNZOJCHBUR3ZP2TCBP32J47YLUBK	14629
16	1	20080208154803	http://theroomz.19.forumer.com:80/viewtopic.php?t=16&start=75&sid=0c892ab91f8b899c616578b04962c74f	3OMXZKKMNHZGHJ4WRQQCK3TPOPRHVYZ5	14727
17	Room 7 - challenge time	20080208155026	http://theroomz.19.forumer.com:80/viewtopic.php?t=17&start=75&sid=0c892ab91f8b899c616578b04962c74f	MI4KBHAXO3RH3XVI2XH522GFJHIIWPXI	14120
20	1	20080208155106	http://theroomz.19.forumer.com:80/viewtopic.php?t=20&start=75&sid=0c892ab91f8b899c616578b04962c74f	VEN4HMIQNY3L4MRPYCWYOXNBAOQDXOOO	15905
215	5	20080208155146	http://theroomz.19.forumer.com:80/viewtopic.php?t=215&start=75&sid=0c892ab91f8b899c616578b04962c74f	SWNMINXFWDFQ33WU4M2ULXSLNFCESUCI	14812
236	1	20080208155236	http://theroomz.19.forumer.com:80/viewtopic.php?t=236&start=75&sid=0c892ab91f8b899c616578b04962c74f	MRGQITFMLDI6BH4V7OQPMRH4TZSVTKNO	15406
308	Room 45 - Never ending story...	20080208155307	http://theroomz.19.forumer.com:80/viewtopic.php?t=308&start=75&sid=0c892ab91f8b899c616578b04962c74f	JXB2KD3K7UAIDZXRDMX4IQ3RCEZI2YOX	14802
32	3	20080208155326	http://theroomz.19.forumer.com:80/viewtopic.php?t=32&start=75&sid=0c892ab91f8b899c616578b04962c74f	XNLDJVRB7T7QA7GRESNSFXPWGCNV6BQC	8320
34	6	20080208155346	http://theroomz.19.forumer.com:80/viewtopic.php?t=34&start=75&sid=0c892ab91f8b899c616578b04962c74f	ZASL7CBNJWJZLLOGOAIMBA5QAQIHPCMW	13799
36	1	20080208155409	http://theroomz.19.forumer.com:80/viewtopic.php?t=36&start=75&sid=0c892ab91f8b899c616578b04962c74f	KQSMBF6I3CILGDB5DMSBPLCUO32PIFRV	11828
37	2	20080208155426	http://theroomz.19.forumer.com:80/viewtopic.php?t=37&start=75&sid=0c892ab91f8b899c616578b04962c74f	WJ2LW3GJO4UDS2C65O6L763YTN5K3JC5	10531
39	4	20080208155506	http://theroomz.19.forumer.com:80/viewtopic.php?t=39&start=75&sid=0c892ab91f8b899c616578b04962c74f	CZAQSEN2ZMPNLDQTM4G42F4UK6WKE6JD	13658
41	3	20080208155528	http://theroomz.19.forumer.com:80/viewtopic.php?t=41&start=75&sid=0c892ab91f8b899c616578b04962c74f	WNDJEKNQUNLPQFHC35FJ54D3KPKMVMPO	9783
46	Room 19 - even more stuff	20080208155548	http://theroomz.19.forumer.com:80/viewtopic.php?t=46&start=75&sid=0c892ab91f8b899c616578b04962c74f	BQ6YFNWMIIFVYB6CXWNQ3VPKMOZJFQVR	9777
5	1	20080208155644	http://theroomz.19.forumer.com:80/viewtopic.php?t=5&start=75&sid=0c892ab91f8b899c616578b04962c74f	C273XKORGNGQQRFPRCKYBBS5YZOITGLR	13561
55	Room 21 - Around the paper	20080208155704	http://theroomz.19.forumer.com:80/viewtopic.php?t=55&start=75&sid=0c892ab91f8b899c616578b04962c74f	4Q5SK3VOGABL673PFS2KIPY7AK3VLO2X	14383
58	Room 22 - Hot Sun	20080208155724	http://theroomz.19.forumer.com:80/viewtopic.php?t=58&start=75&sid=0c892ab91f8b899c616578b04962c74f	5KNRAJG2NR2HTRMHDMMOFLWXI2ZWGVXL	14190
59	Room 23 - In the basement	20080208155745	http://theroomz.19.forumer.com:80/viewtopic.php?t=59&start=75&sid=0c892ab91f8b899c616578b04962c74f	5KC5RAAUEIA5QHBQ7X2XTFVFIVAQGPTP	15274
61	4	20080208155824	http://theroomz.19.forumer.com:80/viewtopic.php?t=61&start=75&sid=0c892ab91f8b899c616578b04962c74f	4QDOIPEFN5JCUDONUTLDIVPPWXKCDH3Q	9204
14	1	20080213033117	http://theroomz.19.forumer.com:80/viewtopic.php?t=14&view=next&sid=a0d919c36a91fc76cc6721e2290ee305	CZFZVIBLQPC5HIPWWL7VAVTADLCU2OPD	12536
14	1	20080213033122	http://theroomz.19.forumer.com:80/viewtopic.php?t=14&view=previous&sid=a0d919c36a91fc76cc6721e2290ee305	VQADCYDTSVS446FWVGPSTG4427JJQ7ZM	12154
6	Announcement: All about THE ROOMZ project	20070311091501	http://theroomz.19.forumer.com:80/viewtopic.php?t=6&sid=cd20e078ed523ac28eeff5ca6e42fd8e	5KOQJFVW3Z4KD3W4636R2MLX7D7E5NXW	8838
7	Sticky: Funny Thing	20070313150415	http://theroomz.19.forumer.com:80/viewtopic.php?t=7&sid=cd20e078ed523ac28eeff5ca6e42fd8e	NHFWDAQQYTSEEM7MDPYALZWRL4FH2WVW	7130
7	Sticky: Funny Thing	20070318125250	http://theroomz.19.forumer.com:80/viewtopic.php?t=7&view=next&sid=c40b6c5e936987dbd22ecbd02e63f801	DTXIYYNMHSE6ZJBKDUL5JMV4BK3PGVEV	7784
7	Sticky: Funny Thing	20070318042311	http://theroomz.19.forumer.com:80/viewtopic.php?t=7&view=previous&sid=c40b6c5e936987dbd22ecbd02e63f801	FHJCOHGHUAEXC5SKKI7POW26EXP6JGR3	5227
73	Name of the song	20070312211555	http://theroomz.19.forumer.com:80/viewtopic.php?t=73&sid=cd20e078ed523ac28eeff5ca6e42fd8e	Y6ZMID2SJM3ADFV3RVRWPEG4JUSQGABN	7584
8	Sticky: How to register on the foroom?	20070312211523	http://theroomz.19.forumer.com:80/viewtopic.php?t=8&sid=cd20e078ed523ac28eeff5ca6e42fd8e	OGA63Q2KXNCTOEUGUHZ3CM2KELK4X5CK	7773
6	Announcement: All about THE ROOMZ project	20070312090200	http://theroomz.19.forumer.com:80/viewtopic.php?t=6&	MBQMNH2KI3RK3WUL3XIQUNVP5CIJELGX	8811
7	Sticky: Funny Thing	20070311091545	http://theroomz.19.forumer.com:80/viewtopic.php?t=7&	KYBLV7K6SYHLPMRSV2CU5UDGUOBE3KA4	7106
73	Name of the song	20070312090135	http://theroomz.19.forumer.com:80/viewtopic.php?t=73&	V3PLEXZV4V2SNKO5ZTP2IRHON7AEQQAN	7557
8	Sticky: How to register on the foroom?	20070313150435	http://theroomz.19.forumer.com:80/viewtopic.php?t=8&	SNCZCDGTOJYOKZP4LUJVNQZ74AOL2EIG	7747
10	8	20080213075043	http://theroomz.19.forumer.com:80/viewtopic.php?t=10&start=0&postdays=0&postorder=asc&highlight=	UF5DRQHQOPJ4FUTZVKBKOTX6YIBA7BUJ	13402
14	1	20080209131642	http://theroomz.19.forumer.com:80/viewtopic.php?t=14&start=0&postdays=0&postorder=asc&highlight=	TMJFBJNSMJYCUCDZ7WZBOHE3IQJVJJ3K	13619
5	1	20080208155625	http://theroomz.19.forumer.com:80/viewtopic.php?t=5&start=0&postdays=0&postorder=asc&highlight=	FSFZ4IQMN5OLVXGPZHNME624V4FTKNSB	13167
14	1	20080209131601	http://theroomz.19.forumer.com:80/viewtopic.php?t=14&postdays=0&postorder=asc&start=100	V4IW6BGKGRYRH3B7YGMHUAFKOFSJVOUG	13963
5	1	20080208155605	http://theroomz.19.forumer.com:80/viewtopic.php?t=5&postdays=0&postorder=asc&start=100	GL33LZBFJYK2I5FBMONRQU6EH7KJHRPR	13635
14	1	20080209131606	http://theroomz.19.forumer.com:80/viewtopic.php?t=14&postdays=0&postorder=asc&start=125	UQMZ5DSK6GG3JAX4E5N6ZUIZJ42ZOUPL	13047
5	1	20080208155608	http://theroomz.19.forumer.com:80/viewtopic.php?t=5&postdays=0&postorder=asc&start=125	ULZFRHI4F5YV4XTSHDYVOFWHX5NI5PWT	8444
14	1	20080209131611	http://theroomz.19.forumer.com:80/viewtopic.php?t=14&postdays=0&postorder=asc&start=150	JDXHPNQOTIIL3RIFOZND3OWEKJOP34QW	14451
14	1	20080209131616	http://theroomz.19.forumer.com:80/viewtopic.php?t=14&postdays=0&postorder=asc&start=175	N4DK62GYDJ3J45TUF7RZYUPTV4244VL7	13942
14	1	20080209131622	http://theroomz.19.forumer.com:80/viewtopic.php?t=14&postdays=0&postorder=asc&start=200	HX4L6RHZCIQNYMV7FJV5HSY7UBGI7SDK	13036
14	1	20080209131626	http://theroomz.19.forumer.com:80/viewtopic.php?t=14&postdays=0&postorder=asc&start=225	3LDD25UHTFL7A3OHKEWUEQA5MWM7TQWF	8111
10	8	20080213050004	http://theroomz.19.forumer.com:80/viewtopic.php?t=10&postdays=0&postorder=asc&start=25	LK4JGOQTDXPOFE2IOQ5CXVCMIKI4IZII	14040
14	1	20080209120250	http://theroomz.19.forumer.com:80/viewtopic.php?t=14&postdays=0&postorder=asc&start=25	U4AP26Q4EMRDTTUIDAUJUOFKOKZW5POM	12938
14	1	20080212100728	http://theroomz.19.forumer.com:80/viewtopic.php?t=14&postdays=0&postorder=asc&start=25	YCI5BUZVMYR3KUQQGC2WIVZKCNUMEFTK	13897
10	8	20080213075038	http://theroomz.19.forumer.com:80/viewtopic.php?t=10&postdays=0&postorder=asc&start=50	WVMCX6RWSRF6JH7QLIWQSTO62ZLVNKB4	14887
14	1	20080209131632	http://theroomz.19.forumer.com:80/viewtopic.php?t=14&postdays=0&postorder=asc&start=50	HVI32PEKS2BEZJEQ4MLKXMC3RFPDYSTI	14257
14	1	20080212195445	http://theroomz.19.forumer.com:80/viewtopic.php?t=14&postdays=0&postorder=asc&start=50	F3L4CWICW2W4Z4UJQM3UCYAUFQXAPNJK	14480
5	1	20080208155614	http://theroomz.19.forumer.com:80/viewtopic.php?t=5&postdays=0&postorder=asc&start=50	YHXFE3X4TTLRQYI5KGB72ID2VYNXRZLX	14079
14	1	20080209131637	http://theroomz.19.forumer.com:80/viewtopic.php?t=14&postdays=0&postorder=asc&start=75	ULCVYNY3C72KYANSNQB232OXR6ZHTTSU	14253
5	1	20080208155619	http://theroomz.19.forumer.com:80/viewtopic.php?t=5&postdays=0&postorder=asc&start=75	RTASI5YZ6JTUVKWIOYTPJTECTQ6YELUX	13546
60	8	20110731043953	http://theroomz.19.forumer.com/viewtopic.php?t=60&postdays=0&postorder=asc&start=75	EUPLLWOHLR4KEZABM6L6Y2UUEZOAKDPJ	12707
10	8	20080212112339	http://theroomz.19.forumer.com:80/viewtopic.php?t=10	JTBKWX42BEKQ7AO6ICIXDKSP5YCYLIBQ	13472
10	8	20080213042834	http://theroomz.19.forumer.com:80/viewtopic.php?t=10&view=next	C6SMGXL3QPGJKRYWINCFTJ4ZZ2DK3VGT	13961
10	8	20080213042840	http://theroomz.19.forumer.com:80/viewtopic.php?t=10&view=previous	4UHQW4AEW66AJMQL5WCCFCY47IZAZZNI	13108
14	1	20080208111225	http://theroomz.19.forumer.com:80/viewtopic.php?t=14	7XQO3FTULM5PS3XJCIQNIQKEHVZKCKNT	13442
14	1	20080209120255	http://theroomz.19.forumer.com:80/viewtopic.php?t=14&view=next	VAZDKFUYKXNPMGK3OQ45TRZA2HYNKQGR	12405
14	1	20080209120301	http://theroomz.19.forumer.com:80/viewtopic.php?t=14&view=previous	CP5GZNDBUKPTE4IXRWMCCGVZNU7R4GYC	12124
421	Announcement: [ Poll ] The Roomz 2.0?	20110618113725	http://theroomz.19.forumer.com:80/viewtopic.php?t=421	JBTUSJYGAJSYIDKFPG4JB6YNSD3L4Y3H	12841
421	Announcement: [ Poll ] The Roomz 2.0?	20110619154353	http://theroomz.19.forumer.com:80/viewtopic.php?t=421	ZXYMZ4YF44IVXI53GPRUAXSULHX5JFDP	12738
421	Announcement: [ Poll ] The Roomz 2.0?	20110819115423	http://theroomz.19.forumer.com:80/viewtopic.php?t=421	IJIF5EQMAS34AI6Z7XEXWITGOJPEOPPJ	12737
421	Announcement: [ Poll ] The Roomz 2.0?	20120215154140	http://theroomz.19.forumer.com:80/viewtopic.php?t=421	QL4J3OVFSILRYENEZT4T52XIJDMIRRMM	12858
5	1	20080207153740	http://theroomz.19.forumer.com:80/viewtopic.php?t=5	5Y7LEXOVGLKUVGNGPELH3U5FPQZ2TEJ7	13135
6	Announcement: All about THE ROOMZ project	20070316091331	http://theroomz.19.forumer.com:80/viewtopic.php?t=6	3L56DZANH6WOHLQ23LYQUWTEBK2QQWAW	8809
7	Sticky: Funny Thing	20070316091532	http://theroomz.19.forumer.com:80/viewtopic.php?t=7	DXXHKTOXAZRDW6JWZKWGRB25QEPCHGWE	7108
73	Name of the song	20070316091731	http://theroomz.19.forumer.com:80/viewtopic.php?t=73	FKSW5JNBJZSN43FAQTE5FB2QLIHOSXWN	7564
8	Sticky: How to register on the foroom?	20070316091553	http://theroomz.19.forumer.com:80/viewtopic.php?t=8	PPPTWOXBXKWX3W5PXUZCONFNH2AVP47B	7755
8	Sticky: How to register on the foroom?	20071102143850	http://theroomz.19.forumer.com:80/viewtopic.php?t=8	7UAK3UTZECMYX4E7BUKMJJ5YR56HI67P	7281
8	Sticky: How to register on the foroom?	20080102173516	http://theroomz.19.forumer.com:80/viewtopic.php?t=8	YLXMDUQQS22FDVYGD52QMC4JXKW3NZ4K	7283
8	Sticky: How to register on the foroom?	20080303144340	http://theroomz.19.forumer.com:80/viewtopic.php?t=8	EBYPVZ2YHTPZVLOD5KCW63SWQR7ZX64H	9510
8	Sticky: How to register on the foroom?	20081221132957	http://theroomz.19.forumer.com:80/viewtopic.php?t=8	QMPHSMK54HB3CHP6ZY4WV7WFTJSSHE6I	9489
8	Sticky: How to register on the foroom?	20110618100424	http://theroomz.19.forumer.com:80/viewtopic.php?t=8	PHBSBMNDTO3JNEKDRGYRWCG222MPLVUW	7963
8	Sticky: How to register on the foroom?	20110912234542	http://theroomz.19.forumer.com:80/viewtopic.php?t=8	E4LON62LKZIXMRNWVCI2CIKAFDJVFPQI	7966
8	Sticky: How to register on the foroom?	20120215135351	http://theroomz.19.forumer.com:80/viewtopic.php?t=8	TV3TXPY45CGNXIJVGU4XJYFKYLDMKN2I	8079
98	2	20071102143856	http://theroomz.19.forumer.com:80/viewtopic.php?t=98	V55TRM4Q5VY7MEBGFFGJTCPMYGQTBHOU	13777
98	2	20080102173521	http://theroomz.19.forumer.com:80/viewtopic.php?t=98	TVAITY6DNL7CXKJMEDK57D7J5A6MR5BP	13908
98	2	20081221133002	http://theroomz.19.forumer.com:80/viewtopic.php?t=98	WKMYLXY3OZCCYV3VP27YB3ZBZANEYKBU	16063
98	2	20110618104232	http://theroomz.19.forumer.com:80/viewtopic.php?t=98	BUX352GAD22VTHFAM55XS5KOCDMSCTAN	14455
98	2	20110914035950	http://theroomz.19.forumer.com:80/viewtopic.php?t=98	Q4NRV6SO6PYSQQKWGIOYGMI2G72WII7N	14708
98	2	20120215135356	http://theroomz.19.forumer.com:80/viewtopic.php?t=98	3APWCY6NMRAOX4ZQN47JEO32EDHAB6UD	14580
