timestamp	url	digest	local_path
20131205221601	http://dreamwardgames.com/forum/	V4W4XZJ6NYOZUIREZ3IBZ6UQ27NFXAPV	research/dreamward-forum-pages/20131205221601_45ca5fd2d1f4_forum.html
20131220230901	http://dreamwardgames.com/forum/	GZLBR3AHLRGWI3UJZF2QNPM5R5MRBPC4	research/dreamward-forum-pages/20131220230901_45d1cb30a7ce_forum.html
20140524235535	http://dreamwardgames.com/forum/	5C26VFEIDOYDTJHKMUWW67ZSHHE5YKBE	research/dreamward-forum-pages/20140524235535_90f30584d34d_forum.html
20130923190121	http://dreamwardgames.com:80/forum/faq.php	7EI3DMBXW2NSHGD22REVF6AXMTQXIVQH	research/dreamward-forum-pages/20130923190121_83a483753361_faq.php.html
20130924083146	http://dreamwardgames.com:80/forum/faq.php	X4FS6UWRGBL7WWEOLAGRJ43WXZYHNIOI	research/dreamward-forum-pages/20130924083146_3cc32127bbf1_faq.php.html
20131124081453	http://dreamwardgames.com:80/forum/faq.php	ZCGNN4IT3OW37I2J5E4YV5ZOEU7NDENS	research/dreamward-forum-pages/20131124081453_ab4be5349c9e_faq.php.html
20131126155339	http://dreamwardgames.com:80/forum/faq.php	RAG7TJERRPIGYR6BYR34CVYWMCLMECZ7	research/dreamward-forum-pages/20131126155339_de8c293f614b_faq.php.html
20140128172848	http://dreamwardgames.com:80/forum/faq.php	4L4TFSS3KNL5E7C6V3RUZTEOJ4KNWKC5	research/dreamward-forum-pages/20140128172848_90db4b107f25_faq.php.html
20140130170730	http://dreamwardgames.com:80/forum/faq.php	COFJVC2SIR3O7WKVB374VJBI25WJB3YB	research/dreamward-forum-pages/20140130170730_72631b69bccc_faq.php.html
20130922032204	http://dreamwardgames.com:80/forum/index.php	BEZV5ALQIFJDRG26KGINC5Y6RFQHOJD5	research/dreamward-forum-pages/20130922032204_c1c542834866_index.php.html
20130922042327	http://dreamwardgames.com:80/forum/index.php?	BLPNNYPEU2A5FISF4L3DXAJATPMQH6WN	research/dreamward-forum-pages/20130922042327_4ce58145d67c_index.php.html
20131023053016	http://dreamwardgames.com:80/forum/index.php	WXYXGCBLVQU4UJSU7U2FTXWOX3PRWPKB	research/dreamward-forum-pages/20131023053016_4f9284f48909_index.php.html
20131023060351	http://dreamwardgames.com:80/forum/index.php?	3DDGLUS36CJQT5K6GEHVJXKJEA33CLY3	research/dreamward-forum-pages/20131023060351_2e2a4a726a70_index.php.html
20131024142514	http://dreamwardgames.com:80/forum/index.php	BHEXBDNR5DRJXUVKGZ5UG5OTWTCZ7CGO	research/dreamward-forum-pages/20131024142514_71e23aa2fa9d_index.php.html
20131025190410	http://dreamwardgames.com:80/forum/index.php	7RB3RUQI6SCAFCCJLCBC3BIH6DSJHX5H	research/dreamward-forum-pages/20131025190410_e780de926ebd_index.php.html
20131123163614	http://dreamwardgames.com:80/forum/index.php?	OKFZS75L4I5MO76RVOWVTQIF7KFL7KMR	research/dreamward-forum-pages/20131123163614_85eeb651cf40_index.php.html
20131123165849	http://dreamwardgames.com:80/forum/index.php	FAYFUXITQHVOMGWOARMTQN4LQKUS5L4P	research/dreamward-forum-pages/20131123165849_2b1fe2085e61_index.php.html
20131127192922	http://dreamwardgames.com:80/forum/index.php	B2YWQUESNKM6B3RNKE3I2B7TN46O7HY6	research/dreamward-forum-pages/20131127192922_9e701f7b15d9_index.php.html
20131226193224	http://dreamwardgames.com:80/forum/index.php?	QQCVR2FYN5YDTZ4FYPYZEJ76P3ILSNKO	research/dreamward-forum-pages/20131226193224_929ab95909e3_index.php.html
20131227003253	http://dreamwardgames.com:80/forum/index.php	FWKYHUS4TWVIA4LOULXXO5Q7TEXWW44I	research/dreamward-forum-pages/20131227003253_4d13718c1f1f_index.php.html
20131230151829	http://dreamwardgames.com:80/forum/index.php	X3N6UADD6MVQYKSR35VL5FHXDAGZSO2V	research/dreamward-forum-pages/20131230151829_f96ccba6693e_index.php.html
20140101030900	http://dreamwardgames.com:80/forum/index.php	T634LE6KRDUWRAZ23YZI53BQXHNBIGHK	research/dreamward-forum-pages/20140101030900_b6e5b62d7e7a_index.php.html
20140127113658	http://dreamwardgames.com:80/forum/index.php?	LQ4N6Y2ZRV4MIYADXR2BMJQ5GPCWFRC6	research/dreamward-forum-pages/20140127113658_db268c5547b9_index.php.html
20140129164428	http://dreamwardgames.com:80/forum/index.php	BWE4JIIBAEBEAO5CLPFONSQUS3H3PEPO	research/dreamward-forum-pages/20140129164428_5497d84ec578_index.php.html
20140201140609	http://dreamwardgames.com:80/forum/index.php	P6WEWYGJUJNMMN5S6V6U2WXK5SQ2X2BY	research/dreamward-forum-pages/20140201140609_83852104876a_index.php.html
20140228002148	http://dreamwardgames.com:80/forum/index.php?	IHSZARIBIMI33LSSE54PTEOTKNVJYOKY	research/dreamward-forum-pages/20140228002148_7ef3f5941c63_index.php.html
20140326064724	http://dreamwardgames.com:80/forum/index.php	FE2P7QYJHX2XLGX7TGGRUZT253IIRDRP	research/dreamward-forum-pages/20140326064724_30a1506ac5d0_index.php.html
20140331065907	http://dreamwardgames.com:80/forum/index.php?	47APSAGF7BMBH5OCG4YKJI7O4ISNOET3	research/dreamward-forum-pages/20140331065907_0cf1c12a783d_index.php.html
20140427180640	http://dreamwardgames.com:80/forum/index.php	VL7UUN45K4KDE47XQFP45XOW75MPDPVQ	research/dreamward-forum-pages/20140427180640_6ba4914ebcd6_index.php.html
20130922042348	http://dreamwardgames.com:80/forum/posting.php?	PISX6AJBQKQBDBGPFR5IQLYS5ADYW32R	research/dreamward-forum-pages/20130922042348_06068eb38fc3_posting.php.html
20131023060727	http://dreamwardgames.com:80/forum/posting.php?	4CTM2ZXLLXYJ44U5C2YKLFO44TLP2JWP	research/dreamward-forum-pages/20131023060727_f10ce3c92b5c_posting.php.html
20131123172403	http://dreamwardgames.com:80/forum/posting.php?	VORJUXPR7I7DTY5TCWESNLU65KMBLXOJ	research/dreamward-forum-pages/20131123172403_c09a91b7499c_posting.php.html
20131226234916	http://dreamwardgames.com:80/forum/posting.php?	V2MNTMZCDAYL7Y2RX76MOFESTMU6J6CY	research/dreamward-forum-pages/20131226234916_481a16a52bad_posting.php.html
20140127104208	http://dreamwardgames.com:80/forum/posting.php?	7XNJLM6CRMPOX2FDX52KLWIF4AMG55JS	research/dreamward-forum-pages/20140127104208_35b4b02abec1_posting.php.html
20140227235051	http://dreamwardgames.com:80/forum/posting.php?	FJB66KYRVADH23WRM6YLMMEAHGP6WUSX	research/dreamward-forum-pages/20140227235051_d9892440d71d_posting.php.html
20140331080743	http://dreamwardgames.com:80/forum/posting.php?	OGHBZHKRUFLMDW4H3QWUYXBOF6EDBEKZ	research/dreamward-forum-pages/20140331080743_2ae73363e10d_posting.php.html
20130923190125	http://dreamwardgames.com:80/forum/viewforum.php?f=1	ZXL5AGPWNNMAXBFSO3JYXOSHX26GBBLD	research/dreamward-forum-pages/20130923190125_ad554d265f0f_viewforum.php.html
20130924083150	http://dreamwardgames.com:80/forum/viewforum.php?f=1	FMDSJAFJPG4VDDVKPTWOGXMPQ4HUFRNE	research/dreamward-forum-pages/20130924083150_270a7fe98c3b_viewforum.php.html
20131124094932	http://dreamwardgames.com:80/forum/viewforum.php?f=1	2YZMDJUONQ5FX6NXZAEXI5YCVCUY32SU	research/dreamward-forum-pages/20131124094932_02e026bad77b_viewforum.php.html
20131125163856	http://dreamwardgames.com:80/forum/viewforum.php?f=1	Q2EWHT2JDQOC3VY4UMSC7QSN76BQYJAX	research/dreamward-forum-pages/20131125163856_8fe8a87b4f29_viewforum.php.html
20140209193930	http://dreamwardgames.com:80/forum/viewforum.php?f=1	4R2DQPM37UZNS6AW3OMLS3NJ5NGL6MHW	research/dreamward-forum-pages/20140209193930_81fd6262ee9a_viewforum.php.html
20130923190147	http://dreamwardgames.com:80/forum/viewforum.php?f=10	QP3LEPLLYKCXV3THNQWV5HPTBJ76E2BO	research/dreamward-forum-pages/20130923190147_532bc593d5a9_viewforum.php.html
20130924083156	http://dreamwardgames.com:80/forum/viewforum.php?f=10	6ITO5WP3EMJE2G3MZQFMKAV73XM7Q23H	research/dreamward-forum-pages/20130924083156_df4d39bf2097_viewforum.php.html
20131124094938	http://dreamwardgames.com:80/forum/viewforum.php?f=10	OUT4QOA5ZZ7PWVRRJNEOTJDRSTMGI7PL	research/dreamward-forum-pages/20131124094938_a09c5a498557_viewforum.php.html
20131125164112	http://dreamwardgames.com:80/forum/viewforum.php?f=10	IFVYO32U54Z3GCHBJ6JUFDGQSNUBWL46	research/dreamward-forum-pages/20131125164112_6732f262397e_viewforum.php.html
20140208215129	http://dreamwardgames.com:80/forum/viewforum.php?f=10	TOWX564EKG2QQ4FL67NX34W5ZRY5SJBP	research/dreamward-forum-pages/20140208215129_069a450878c1_viewforum.php.html
20130923190151	http://dreamwardgames.com:80/forum/viewforum.php?f=11	W2LXZFVL5RUAOYTPVORMQYB2NUXGTKNP	research/dreamward-forum-pages/20130923190151_a9d435cfb703_viewforum.php.html
20130924083201	http://dreamwardgames.com:80/forum/viewforum.php?f=11	S56QJXV5PNOA3IJ5CEUOERBA6W3FHOG7	research/dreamward-forum-pages/20130924083201_d5cea3b2c10c_viewforum.php.html
20131124094943	http://dreamwardgames.com:80/forum/viewforum.php?f=11	Z2OV66BUG2OHHYMELKBGW2MRMYCMI7PI	research/dreamward-forum-pages/20131124094943_914f96fe64d6_viewforum.php.html
20131125174354	http://dreamwardgames.com:80/forum/viewforum.php?f=11	XXCKKPW2YJTLDACCI2ONKKG4USKT5PV6	research/dreamward-forum-pages/20131125174354_ab39905d6275_viewforum.php.html
20140208211024	http://dreamwardgames.com:80/forum/viewforum.php?f=11	KJVZCWA2VTNXNQ46HX6MI4YOFL6ZZOFJ	research/dreamward-forum-pages/20140208211024_ee25a236ba49_viewforum.php.html
20130924082948	http://dreamwardgames.com:80/forum/viewforum.php?f=12	KICHFVNETB5PKNGUZAMY6YDF3WM6AXZ7	research/dreamward-forum-pages/20130924082948_302a28dbf3f2_viewforum.php.html
20131124094948	http://dreamwardgames.com:80/forum/viewforum.php?f=12	URUOKFMM52BPFPTZEHC5QNUCSVOVGRCJ	research/dreamward-forum-pages/20131124094948_806715ef1d82_viewforum.php.html
20131125163214	http://dreamwardgames.com:80/forum/viewforum.php?f=12	BTIS5ZJEF5ET63LHNHB3A3BX64F26VGF	research/dreamward-forum-pages/20131125163214_2e7f7e711f87_viewforum.php.html
20130923190202	http://dreamwardgames.com:80/forum/viewforum.php?f=13	PRTHWK7KXK4VTECYUKT7YRVIQTCDCAMK	research/dreamward-forum-pages/20130923190202_beb57f38eb6a_viewforum.php.html
20130924083206	http://dreamwardgames.com:80/forum/viewforum.php?f=13	F3ROHCGHC6ICLS5AA3D3TZ6QPAOE76XH	research/dreamward-forum-pages/20130924083206_51729d0e8d3e_viewforum.php.html
20131124094953	http://dreamwardgames.com:80/forum/viewforum.php?f=13	SQ4PNTDBG65JTHYYOVI4NJM2AZPMIIPG	research/dreamward-forum-pages/20131124094953_f5d5bb69c707_viewforum.php.html
20131125164117	http://dreamwardgames.com:80/forum/viewforum.php?f=13	O7CT4YBJXMLE47PL2OXIGHJOXBZQP434	research/dreamward-forum-pages/20131125164117_601ce6bf6d76_viewforum.php.html
20140208211608	http://dreamwardgames.com:80/forum/viewforum.php?f=13	I264AIMO6UHVW6T4XURFFWAN4TOW6AHM	research/dreamward-forum-pages/20140208211608_5599fc2e6397_viewforum.php.html
20130923190855	http://dreamwardgames.com:80/forum/viewforum.php?f=3	W6RSSLR2JQ3SXK6YXHPTQUQLKGQAPVD2	research/dreamward-forum-pages/20130923190855_fad441304507_viewforum.php.html
20130924083306	http://dreamwardgames.com:80/forum/viewforum.php?f=3	QA5MYROOXH42SVUNZ34ERQWKAHREVVSF	research/dreamward-forum-pages/20130924083306_9d766ddabb11_viewforum.php.html
20131124095014	http://dreamwardgames.com:80/forum/viewforum.php?f=3	7HVE3PND5GLONA5AC4YETJVSK3MUCCUP	research/dreamward-forum-pages/20131124095014_bce8bf199cfb_viewforum.php.html
20131125163220	http://dreamwardgames.com:80/forum/viewforum.php?f=3	IGVVY4C73ZPTNCDUWDQ6U5S5XKB363BI	research/dreamward-forum-pages/20131125163220_58fcef9fe7dc_viewforum.php.html
20140208215214	http://dreamwardgames.com:80/forum/viewforum.php?f=3	WP4KO4KFNKAJUVFTS64AG3CUTG2HNFTA	research/dreamward-forum-pages/20140208215214_fd2f04e40963_viewforum.php.html
20130924083013	http://dreamwardgames.com:80/forum/viewforum.php?f=4	OMYMC66O47AHDCLEIIMFJJXROPMDMHVP	research/dreamward-forum-pages/20130924083013_b575f709e181_viewforum.php.html
20131124095018	http://dreamwardgames.com:80/forum/viewforum.php?f=4	OM2GTRNTUVC2IZR3J76ZGJJSBAEUBYSK	research/dreamward-forum-pages/20131124095018_b910312573ad_viewforum.php.html
20131125164310	http://dreamwardgames.com:80/forum/viewforum.php?f=4	OMMKDLDHYL74QM4V24B2CGAJTUEXLSZ5	research/dreamward-forum-pages/20131125164310_531dc7c870ad_viewforum.php.html
20140208223328	http://dreamwardgames.com:80/forum/viewforum.php?f=4	MOCLPPZZZPFUI46K2OS3U77TLPCEOPQF	research/dreamward-forum-pages/20140208223328_f71c068615ac_viewforum.php.html
20130924083021	http://dreamwardgames.com:80/forum/viewforum.php?f=5	LVPNVHVSNJJPBZSILNKHEPIOH6UY3EJF	research/dreamward-forum-pages/20130924083021_7ad599fecf95_viewforum.php.html
20131124095027	http://dreamwardgames.com:80/forum/viewforum.php?f=5	KTJIU36TNE6FUCDCJ46TU7TAN6H4ROIC	research/dreamward-forum-pages/20131124095027_43156c86ce38_viewforum.php.html
20131125164031	http://dreamwardgames.com:80/forum/viewforum.php?f=5	CRGN57P7FBGUXBK4XEOCC2WWZSZMRK2S	research/dreamward-forum-pages/20131125164031_33c3a18a43ec_viewforum.php.html
20140208215227	http://dreamwardgames.com:80/forum/viewforum.php?f=5	YWCODCPTP3ACPLSX6BD6HGU77HSWKUS3	research/dreamward-forum-pages/20140208215227_da00a91a1e2e_viewforum.php.html
20130923190929	http://dreamwardgames.com:80/forum/viewforum.php?f=6	H2UVV6DID4EYKZ42CR6SXAA3CG6PMDK7	research/dreamward-forum-pages/20130923190929_eea540482b34_viewforum.php.html
20130924083336	http://dreamwardgames.com:80/forum/viewforum.php?f=6	IOGMYS2SYAQCIRED26Q3K34AMGAMPLNB	research/dreamward-forum-pages/20130924083336_220779412898_viewforum.php.html
20131124095032	http://dreamwardgames.com:80/forum/viewforum.php?f=6	OKPITCHYRM7ZRZNZFJ7YCQGOAASFYU2B	research/dreamward-forum-pages/20131124095032_60a4f21726aa_viewforum.php.html
20131125164347	http://dreamwardgames.com:80/forum/viewforum.php?f=6	QPWFSCRR7OQ7AYGFVKAAK4ANAXHN3OKI	research/dreamward-forum-pages/20131125164347_7a2a978bfb9a_viewforum.php.html
20140209194205	http://dreamwardgames.com:80/forum/viewforum.php?f=6	2KVWB2GPP2HO4TDAQ6GTVVWO5VHC4JHE	research/dreamward-forum-pages/20140209194205_722702a94929_viewforum.php.html
