timestamp	original	mimetype	bytes	sha256	signature	exact_repo_match	saved_file
20070105070255	http://theroomz.freehost.pl:80/	text/html	1508	93eb5b489406a15e5ae8a901705a4428bd2ad27a14bdedde6747b9c3dd132a31	<ht		research/freehost-era/pages/20070105070255__93eb5b489406__root.html
20070710002855	http://theroomz.freehost.pl:80/robots.txt	text/plain	27	2ef272b4c1a7889809905885ad318ce3782b3f73f29a9ee8e9e33f11628b59b7	Use		research/freehost-era/recovered/20070710002855__2ef272b4c1a7__robots.txt
20061026205422	http://theroomz.freehost.pl:80/RoomzMain.swf	application/x-shockwave-flash	11204	4593da9c40a69d5ecee5cbec994103dbbd3401d1309474dd2a6b72f627e3f97b	CWS		research/freehost-era/recovered/20061026205422__4593da9c40a6__RoomzMain.swf
20070109225423	http://theroomz.freehost.pl:80/	text/html	1072	1476c88b7fa8178c2b046aa4ed2548e76dd20fc4fda772f52a44166c67c492de	<ht		research/freehost-era/pages/20070109225423__1476c88b7fa8__root.html
20070609070628	http://theroomz.freehost.pl:80/	text/html	1071	4a722f351ecc2129ccd44173b805342e6e4bbe51682c7fba5a277bd83109a436	<ht		research/freehost-era/pages/20070609070628__4a722f351ecc__root.html
20061111092143	http://theroomz.freehost.pl:80/RoomzMain.swf	application/x-shockwave-flash	11147	69d526b7669b32284577b6efb3187be560c577974bb0c9232477341e9c513e41	CWS		research/freehost-era/recovered/20061111092143__69d526b7669b__RoomzMain.swf
20061030085831	http://theroomz.freehost.pl:80/RoomzMain.swf	application/x-shockwave-flash	11134	9cf314a105199ecd937f5bfe68528c5a29b11a599ddd11b6217d315771cff939	CWS		research/freehost-era/recovered/20061030085831__9cf314a10519__RoomzMain.swf
20061028171955	http://theroomz.freehost.pl:80/RoomzMain.swf	application/x-shockwave-flash	11134	9cf314a105199ecd937f5bfe68528c5a29b11a599ddd11b6217d315771cff939	CWS		research/freehost-era/recovered/20061028171955__9cf314a10519__RoomzMain.swf
20061027060321	http://theroomz.freehost.pl:80/RoomzMain.swf	application/x-shockwave-flash	11204	4593da9c40a69d5ecee5cbec994103dbbd3401d1309474dd2a6b72f627e3f97b	CWS		research/freehost-era/recovered/20061027060321__4593da9c40a6__RoomzMain.swf
20061102133024	http://theroomz.freehost.pl:80/RoomzMain.swf	application/x-shockwave-flash	11134	9cf314a105199ecd937f5bfe68528c5a29b11a599ddd11b6217d315771cff939	CWS		research/freehost-era/recovered/20061102133024__9cf314a10519__RoomzMain.swf
20061116133440	http://theroomz.freehost.pl:80/RoomzMain.swf	application/x-shockwave-flash	11147	69d526b7669b32284577b6efb3187be560c577974bb0c9232477341e9c513e41	CWS		research/freehost-era/recovered/20061116133440__69d526b7669b__RoomzMain.swf
20061102133137	http://theroomz.freehost.pl:80/	text/html	1509	64ceb0984cc0ce467c1a2559dadb9875c63d0b557db48eadd9bfce5a3eb7215c	<ht		research/freehost-era/pages/20061102133137__64ceb0984cc0__root.html
20061209212524	http://theroomz.freehost.pl/RoomzMain.swf	application/x-shockwave-flash	11147	69d526b7669b32284577b6efb3187be560c577974bb0c9232477341e9c513e41	CWS		research/freehost-era/recovered/20061209212524__69d526b7669b__RoomzMain.swf
