archive	crawl	timestamp	url	status	mime	digest	length
wayback		20070622002441	http://www.theroomz.org:80/robots.txt	200	text/html	GPXEW2IRUAZQQR4SZOJ25WBIZ747JW7R	715
wayback		20071028072751	http://www.theroomz.org:80/robots.txt	200	text/html	MVRGGNWDKGIZDA2MSKUHKJK53LMPMKP2	709
wayback		20110527111721	http://theroomz.org/robots.txt	200	text/html	O364C3IKZ2GLI5WK2INXJGUDBZQAVJ4R	661
wayback		20120213195323	http://www.theroomz.org/robots.txt	200	text/html	QVUUMSAB5K2QIZY5HFGGWVULZIFA5TFO	511
wayback		20121229102153	http://www.theroomz.org/robots.txt	200	text/html	Z7RYBCQYG22RIQH5GB4NPNDGCSMTTEBW	514
wayback		20071114203520	http://www.theroomz.yoyo.pl:80/cannon.txt	200	text/plain	6MATT3WSI2OOQS2P5LNW5FOLM5BONVX6	469
wayback		20121102214348	http://www.theroomz.yoyo.pl/data.swf	200	application/x-shockwave-flash	537Y2EPHTD5TSMEZ5XNZ2DHIUYQBDJ5G	1029
wayback		20070703063940	http://www.theroomz.yoyo.pl:80/robots.txt	200	text/plain	NWON2VYIZZUHVQLCZGIN4HR3JJGOCI46	316
wayback		20070817060529	http://www.theroomz.yoyo.pl:80/robots.txt	200	text/plain	HYHIOZWMZCDBGJ3A2TSR72EMFR7G45PS	326
wayback		20130206164127	http://www.theroomz.yoyo.pl/robots.txt	200	text/html	LKRDW4EUVFXEDPE2JGPM53L567EMHB5N	421
wayback		20130415095754	http://www.theroomz.yoyo.pl/robots.txt	200	text/plain	HYHIOZWMZCDBGJ3A2TSR72EMFR7G45PS	290
wayback		20160610035115	http://theroomz.yoyo.pl/robots.txt	200	text/plain	STH5KOXNYDR53KZWX743FWGFSQYWDC6L	601
wayback		20170424215126	http://theroomz.yoyo.pl/robots.txt	200	text/plain	GLPNKUT3RQW2JMVMV3PXCJCN5P5ERYVD	655
wayback		20070206062346	http://www.theroomz.yoyo.pl:80/RoomzMain.swf	200	application/x-shockwave-flash	SX2K77O6HHMQZU4RF2ZRHMYMZ6P7MDVO	11535
wayback		20110930161009	http://www.theroomz.yoyo.pl/RoomzMain.swf	200	application/x-shockwave-flash	BS72T6HKTD3EMMMADIAEEQHQQMHIC4EY	11544
wayback		20121102214347	http://www.theroomz.yoyo.pl/RRR.swf	200	application/x-shockwave-flash	JAKUUTRY5DMTNLJA7RLEFZHZRARZKO2O	17444
wayback		20110930161017	http://www.theroomz.yoyo.pl/UnderTR.swf	200	application/x-shockwave-flash	UMT7FREVACVXI7I2KTXMIHSEOJNTOEM5	23840
wayback		20160602081019	http://dreamwardgames.com/theroomz/frame.swf	200	application/x-shockwave-flash	X3U7C2LYQGZXAZO2EGSAGODGJAZYTXVO	827
wayback		20160805142136	http://dreamwardgames.com/theroomz/interface.swf	200	application/x-shockwave-flash	CMJ5G5PC6NEXFDZACSN4ARIMLCSMBDYZ	56086
wayback		20160602073428	http://dreamwardgames.com/theroomz/Intro.swf	200	application/x-shockwave-flash	R5OTN6Z34E24EGCMUXDPNWW3UH5ICRS2	329752
wayback		20160602063809	http://dreamwardgames.com/theroomz/loadRoom.swf	200	application/x-shockwave-flash	525JYRYBK7R2KIROEO5BXZ3XCGRPEMAG	9808
wayback		20141225011300	http://dreamwardgames.com/theroomz//robots.txt	200	text/plain	LJ2MPFJKRHPSGJXIZNTYXNPFR5BH5SPK	423
wayback		20150125020014	http://dreamwardgames.com/theroomz/RoomzMain.swf	200	application/x-shockwave-flash	2KT6ZDOUMKGZRKR2PRWSBHDCBFP6GJAC	11543
wayback		20150125014523	http://dreamwardgames.com/theroomz/UnderTR.swf	200	application/x-shockwave-flash	4TL5ZEKQA2FYREV4OOGP2CM5RPG4XVVZ	23824
