id	author	score	body
ix8ge87	AutoModerator	0	"Hello everyone, 
this is just a quick and short message to remind you all that we are [looking for new mods](https://www.reddit.com/r/lostmedia/comments/ychd91/mod_mod_applications/). That if you think you meet the requirements, and would like to help out the subreddit, then we would love for you to apply and look forward to all applications. 


*I am a bot, and this action was performed automatically. Please [contact the moderators of this subreddit](/message/compose/?to=/r/lostmedia) if you have any questions or concerns.*"
ix8rm8n	LLJones29	17	"You can [request](https://bluemaxima.org/flashpoint/datahub/Request_Form) at Flashpoint.  I figure if it's popular it may have already been requested though (haven't checked) in which case could mean it's unrecoverable since it doesn't seem to be available on there.  I don't understand flash at all.  Seems like it's simple but I guess it isn't.  It's something I've wanted to look into more but never get around to.

[first archive domain.](https://web.archive.org/web/*/http://theroomz.freehost.pl/*)

[second archive domain.](https://web.archive.org/web/*/http://theroomz.yoyo.pl/*)

[third archive domain.](https://web.archive.org/web/*/http://dreamwardgames.com/theroomz/*)

[review / walkthrough.](https://jayisgames.com/review/the-roomz.php)

[original flashkit board topic.](https://board.flashkit.com/board/showthread.php?708493-game-The-Roomz)

Hopefully I've given you enough there to work with."
ixbfw6a	TheRPGNERD	5	That's a good idea actually, thanks
ix8uu78	VintageCorduroy	4	Could contact the creator
ixbfvga	TheRPGNERD	4	I'm not even sure if the creator would be active or have the files, but I will ask
ixa1zqi	D2_Lx0wse	9	Some flash games had the full game in the demo (red ball has a dlc hidden) that got activated when in the main site. You could try to mod it
ixbfwox	TheRPGNERD	5	I would if I knew how to mod flash tbh-
