label	url	comment_id	author	score	body
looking for new mods	https://www.reddit.com/r/lostmedia/comments/ychd91/mod_mod_applications/	ix8ge87	AutoModerator	0	"Hello everyone, 
this is just a quick and short message to remind you all that we are [looking for new mods](https://www.reddit.com/r/lostmedia/comments/ychd91/mod_mod_applications/). That if you think you meet the requirements, and would like to help out the subreddit, then we would love for you to apply and look forward to all applications. 


*I am a bot, and this action was performed automatically. Please [contact the moderators of this subreddit](/message/compose/?to=/r/lostmedia) if you have any questions or concerns.*"
request	https://bluemaxima.org/flashpoint/datahub/Request_Form	ix8rm8n	LLJones29	17	"You can [request](https://bluemaxima.org/flashpoint/datahub/Request_Form) at Flashpoint.  I figure if it's popular it may have already been requested though (haven't checked) in which case could mean it's unrecoverable since it doesn't seem to be available on there.  I don't understand flash at all.  Seems like it's simple but I guess it isn't.  It's something I've wanted to look into more but never get around to.

[first archive domain.](https://web.archive.org/web/*/http://theroomz.freehost.pl/*)

[second archive domain.](https://web.archive.org/web/*/http://theroomz.yoyo.pl/*)

[third archive domain.](https://web.archive.org/web/*/http://dreamwardgames.com/theroomz/*)

[review / walkthrough.](https://jayisgames.com/review/the-roomz.php)

[original flashkit board topic.](https://board.flashkit.com/board/showthread.php?708493-game-The-Roomz)

Hopefully I've given you enough there to work with."
first archive domain.	https://web.archive.org/web/*/http://theroomz.freehost.pl/*	ix8rm8n	LLJones29	17	"You can [request](https://bluemaxima.org/flashpoint/datahub/Request_Form) at Flashpoint.  I figure if it's popular it may have already been requested though (haven't checked) in which case could mean it's unrecoverable since it doesn't seem to be available on there.  I don't understand flash at all.  Seems like it's simple but I guess it isn't.  It's something I've wanted to look into more but never get around to.

[first archive domain.](https://web.archive.org/web/*/http://theroomz.freehost.pl/*)

[second archive domain.](https://web.archive.org/web/*/http://theroomz.yoyo.pl/*)

[third archive domain.](https://web.archive.org/web/*/http://dreamwardgames.com/theroomz/*)

[review / walkthrough.](https://jayisgames.com/review/the-roomz.php)

[original flashkit board topic.](https://board.flashkit.com/board/showthread.php?708493-game-The-Roomz)

Hopefully I've given you enough there to work with."
second archive domain.	https://web.archive.org/web/*/http://theroomz.yoyo.pl/*	ix8rm8n	LLJones29	17	"You can [request](https://bluemaxima.org/flashpoint/datahub/Request_Form) at Flashpoint.  I figure if it's popular it may have already been requested though (haven't checked) in which case could mean it's unrecoverable since it doesn't seem to be available on there.  I don't understand flash at all.  Seems like it's simple but I guess it isn't.  It's something I've wanted to look into more but never get around to.

[first archive domain.](https://web.archive.org/web/*/http://theroomz.freehost.pl/*)

[second archive domain.](https://web.archive.org/web/*/http://theroomz.yoyo.pl/*)

[third archive domain.](https://web.archive.org/web/*/http://dreamwardgames.com/theroomz/*)

[review / walkthrough.](https://jayisgames.com/review/the-roomz.php)

[original flashkit board topic.](https://board.flashkit.com/board/showthread.php?708493-game-The-Roomz)

Hopefully I've given you enough there to work with."
third archive domain.	https://web.archive.org/web/*/http://dreamwardgames.com/theroomz/*	ix8rm8n	LLJones29	17	"You can [request](https://bluemaxima.org/flashpoint/datahub/Request_Form) at Flashpoint.  I figure if it's popular it may have already been requested though (haven't checked) in which case could mean it's unrecoverable since it doesn't seem to be available on there.  I don't understand flash at all.  Seems like it's simple but I guess it isn't.  It's something I've wanted to look into more but never get around to.

[first archive domain.](https://web.archive.org/web/*/http://theroomz.freehost.pl/*)

[second archive domain.](https://web.archive.org/web/*/http://theroomz.yoyo.pl/*)

[third archive domain.](https://web.archive.org/web/*/http://dreamwardgames.com/theroomz/*)

[review / walkthrough.](https://jayisgames.com/review/the-roomz.php)

[original flashkit board topic.](https://board.flashkit.com/board/showthread.php?708493-game-The-Roomz)

Hopefully I've given you enough there to work with."
review / walkthrough.	https://jayisgames.com/review/the-roomz.php	ix8rm8n	LLJones29	17	"You can [request](https://bluemaxima.org/flashpoint/datahub/Request_Form) at Flashpoint.  I figure if it's popular it may have already been requested though (haven't checked) in which case could mean it's unrecoverable since it doesn't seem to be available on there.  I don't understand flash at all.  Seems like it's simple but I guess it isn't.  It's something I've wanted to look into more but never get around to.

[first archive domain.](https://web.archive.org/web/*/http://theroomz.freehost.pl/*)

[second archive domain.](https://web.archive.org/web/*/http://theroomz.yoyo.pl/*)

[third archive domain.](https://web.archive.org/web/*/http://dreamwardgames.com/theroomz/*)

[review / walkthrough.](https://jayisgames.com/review/the-roomz.php)

[original flashkit board topic.](https://board.flashkit.com/board/showthread.php?708493-game-The-Roomz)

Hopefully I've given you enough there to work with."
original flashkit board topic.	https://board.flashkit.com/board/showthread.php?708493-game-The-Roomz	ix8rm8n	LLJones29	17	"You can [request](https://bluemaxima.org/flashpoint/datahub/Request_Form) at Flashpoint.  I figure if it's popular it may have already been requested though (haven't checked) in which case could mean it's unrecoverable since it doesn't seem to be available on there.  I don't understand flash at all.  Seems like it's simple but I guess it isn't.  It's something I've wanted to look into more but never get around to.

[first archive domain.](https://web.archive.org/web/*/http://theroomz.freehost.pl/*)

[second archive domain.](https://web.archive.org/web/*/http://theroomz.yoyo.pl/*)

[third archive domain.](https://web.archive.org/web/*/http://dreamwardgames.com/theroomz/*)

[review / walkthrough.](https://jayisgames.com/review/the-roomz.php)

[original flashkit board topic.](https://board.flashkit.com/board/showthread.php?708493-game-The-Roomz)

Hopefully I've given you enough there to work with."
