topic	start	timestamp	title	url	file
5		20080207153740	FoROOM ~ View topic - Room 1 - the first step	http://theroomz.19.forumer.com:80/viewtopic.php?t=5	research/forumer-recovered/20080207153740_13055f013562_viewtopic.php.html
5	0	20080208155625	FoROOM ~ View topic - Room 1 - the first step	http://theroomz.19.forumer.com:80/viewtopic.php?t=5&start=0&postdays=0&postorder=asc&highlight=	research/forumer-recovered/20080208155625_d56bd5695024_viewtopic.php.html
5	0	20080208155628	FoROOM ~ View topic - Room 1 - the first step	http://theroomz.19.forumer.com:80/viewtopic.php?t=5&start=0&sid=0c892ab91f8b899c616578b04962c74f	research/forumer-recovered/20080208155628_4608b02a8356_viewtopic.php.html
5	50	20080208155614	FoROOM ~ View topic - Room 1 - the first step	http://theroomz.19.forumer.com:80/viewtopic.php?t=5&postdays=0&postorder=asc&start=50	research/forumer-recovered/20080208155614_fef70cf6a092_viewtopic.php.html
5	75	20080208155619	FoROOM ~ View topic - Room 1 - the first step	http://theroomz.19.forumer.com:80/viewtopic.php?t=5&postdays=0&postorder=asc&start=75	research/forumer-recovered/20080208155619_8cbff98624a8_viewtopic.php.html
5	75	20080208155644	FoROOM ~ View topic - Room 1 - the first step	http://theroomz.19.forumer.com:80/viewtopic.php?t=5&start=75&sid=0c892ab91f8b899c616578b04962c74f	research/forumer-recovered/20080208155644_53574c75fc45_viewtopic.php.html
5	100	20080208155605	FoROOM ~ View topic - Room 1 - the first step	http://theroomz.19.forumer.com:80/viewtopic.php?t=5&postdays=0&postorder=asc&start=100	research/forumer-recovered/20080208155605_976d04f5caf7_viewtopic.php.html
5	100	20080208155633	FoROOM ~ View topic - Room 1 - the first step	http://theroomz.19.forumer.com:80/viewtopic.php?t=5&start=100&sid=0c892ab91f8b899c616578b04962c74f	research/forumer-recovered/20080208155633_8832f1f47794_viewtopic.php.html
5	125	20080208155608	FoROOM ~ View topic - Room 1 - the first step	http://theroomz.19.forumer.com:80/viewtopic.php?t=5&postdays=0&postorder=asc&start=125	research/forumer-recovered/20080208155608_6e6a1d6c0868_viewtopic.php.html
5	125	20080208155638	FoROOM ~ View topic - Room 1 - the first step	http://theroomz.19.forumer.com:80/viewtopic.php?t=5&start=125&sid=0c892ab91f8b899c616578b04962c74f	research/forumer-recovered/20080208155638_509c43b9f3e8_viewtopic.php.html
6		20070311091501	FoROOM ~ View topic - All about THE ROOMZ project	http://theroomz.19.forumer.com:80/viewtopic.php?t=6&sid=cd20e078ed523ac28eeff5ca6e42fd8e	research/forumer-recovered/20070311091501_54464e6ef7d3_viewtopic.php.html
6		20070312090200	FoROOM ~ View topic - All about THE ROOMZ project	http://theroomz.19.forumer.com:80/viewtopic.php?t=6&amp	research/forumer-recovered/20070312090200_55b176768982_viewtopic.php.html
6		20070314005339	FoROOM ~ View topic - All about THE ROOMZ project	http://theroomz.19.forumer.com:80/viewtopic.php?t=6&highlight=&sid=4f84b4d42e4ce4e7283c15c8e9c3b2a6	research/forumer-recovered/20070314005339_9664a6b7a4e3_viewtopic.php.html
6		20070316091331	FoROOM ~ View topic - All about THE ROOMZ project	http://theroomz.19.forumer.com:80/viewtopic.php?t=6	research/forumer-recovered/20070316091331_ef01ecfe899e_viewtopic.php.html
7		20070311091545	FoROOM ~ View topic - Funny Thing	http://theroomz.19.forumer.com:80/viewtopic.php?t=7&amp	research/forumer-recovered/20070311091545_6e8c0b76391a_viewtopic.php.html
7		20070313150415	FoROOM ~ View topic - Funny Thing	http://theroomz.19.forumer.com:80/viewtopic.php?t=7&sid=cd20e078ed523ac28eeff5ca6e42fd8e	research/forumer-recovered/20070313150415_609264f810a7_viewtopic.php.html
7		20070315230846	FoROOM ~ View topic - Funny Thing	http://theroomz.19.forumer.com:80/viewtopic.php?t=7&highlight=&sid=e27435025e1f5c08973125c7154cecda	research/forumer-recovered/20070315230846_b6087ebc1b4f_viewtopic.php.html
7		20070316091532	FoROOM ~ View topic - Funny Thing	http://theroomz.19.forumer.com:80/viewtopic.php?t=7	research/forumer-recovered/20070316091532_3efc9f977da9_viewtopic.php.html
7		20070317013629	FoROOM ~ View topic - Funny Thing	http://theroomz.19.forumer.com:80/viewtopic.php?t=7&highlight=&sid=e27435025e1f5c08973125c7154cecda	research/forumer-recovered/20070317013629_b6087ebc1b4f_viewtopic.php.html
7		20070318042311	FoROOM ~	http://theroomz.19.forumer.com:80/viewtopic.php?t=7&view=previous&sid=c40b6c5e936987dbd22ecbd02e63f801	research/forumer-recovered/20070318042311_3b619499e06a_viewtopic.php.html
7		20070318125250	FoROOM ~ View topic - How to register on the foroom?	http://theroomz.19.forumer.com:80/viewtopic.php?t=7&view=next&sid=c40b6c5e936987dbd22ecbd02e63f801	research/forumer-recovered/20070318125250_435dc26edb27_viewtopic.php.html
7	0	20070318125310	FoROOM ~ View topic - Funny Thing	http://theroomz.19.forumer.com:80/viewtopic.php?t=7&start=0&postdays=0&postorder=asc&highlight=&sid=c40b6c5e936987dbd22ecbd02e63f801	research/forumer-recovered/20070318125310_bcf1a21c3162_viewtopic.php.html
8		20070312211523	FoROOM ~ View topic - How to register on the foroom?	http://theroomz.19.forumer.com:80/viewtopic.php?t=8&sid=cd20e078ed523ac28eeff5ca6e42fd8e	research/forumer-recovered/20070312211523_046624ad7abe_viewtopic.php.html
8		20070313150435	FoROOM ~ View topic - How to register on the foroom?	http://theroomz.19.forumer.com:80/viewtopic.php?t=8&amp	research/forumer-recovered/20070313150435_8d9c0907682e_viewtopic.php.html
8		20070316024136	FoROOM ~ View topic - How to register on the foroom?	http://theroomz.19.forumer.com:80/viewtopic.php?t=8&highlight=&sid=e27435025e1f5c08973125c7154cecda	research/forumer-recovered/20070316024136_373840dfe24c_viewtopic.php.html
8		20070316091553	FoROOM ~ View topic - How to register on the foroom?	http://theroomz.19.forumer.com:80/viewtopic.php?t=8	research/forumer-recovered/20070316091553_23591e9f316f_viewtopic.php.html
8		20071102143850	FoROOM ~ View topic - How to register on the foroom?	http://theroomz.19.forumer.com:80/viewtopic.php?t=8	research/forumer-recovered/20071102143850_23591e9f316f_viewtopic.php.html
8		20080102173516	FoROOM ~ View topic - How to register on the foroom?	http://theroomz.19.forumer.com:80/viewtopic.php?t=8	research/forumer-recovered/20080102173516_23591e9f316f_viewtopic.php.html
8		20080303144340	FoROOM ~ View topic - How to register on the foroom?	http://theroomz.19.forumer.com:80/viewtopic.php?t=8	research/forumer-recovered/20080303144340_23591e9f316f_viewtopic.php.html
8		20081221132957	FoROOM ~ View topic - How to register on the foroom?	http://theroomz.19.forumer.com:80/viewtopic.php?t=8	research/forumer-recovered/20081221132957_23591e9f316f_viewtopic.php.html
8		20110618100424	FoROOM ~ View topic - How to register on the foroom?	http://theroomz.19.forumer.com:80/viewtopic.php?t=8	research/forumer-recovered/20110618100424_23591e9f316f_viewtopic.php.html
8		20110912234542	FoROOM ~ View topic - How to register on the foroom?	http://theroomz.19.forumer.com:80/viewtopic.php?t=8	research/forumer-recovered/20110912234542_23591e9f316f_viewtopic.php.html
8		20120215135351	FoROOM ~ View topic - How to register on the foroom?	http://theroomz.19.forumer.com:80/viewtopic.php?t=8	research/forumer-recovered/20120215135351_23591e9f316f_viewtopic.php.html
10	0	20080208154158	FoROOM ~ View topic - Room 5 - cloudy clouds	http://theroomz.19.forumer.com:80/viewtopic.php?t=10&start=0&sid=0c892ab91f8b899c616578b04962c74f	research/forumer-recovered/20080208154158_213df346ed7b_viewtopic.php.html
10		20080212112339	FoROOM ~ View topic - Room 5 - cloudy clouds	http://theroomz.19.forumer.com:80/viewtopic.php?t=10	research/forumer-recovered/20080212112339_25398f293459_viewtopic.php.html
10		20080213042834	FoROOM ~ View topic - Room 13 - so white	http://theroomz.19.forumer.com:80/viewtopic.php?t=10&view=next	research/forumer-recovered/20080213042834_b495fa9a7f26_viewtopic.php.html
10		20080213042840	FoROOM ~ View topic - Level 10 - darkness	http://theroomz.19.forumer.com:80/viewtopic.php?t=10&view=previous	research/forumer-recovered/20080213042840_3e7852d931d7_viewtopic.php.html
10	0	20080213075043	FoROOM ~ View topic - Room 5 - cloudy clouds	http://theroomz.19.forumer.com:80/viewtopic.php?t=10&start=0&postdays=0&postorder=asc&highlight=	research/forumer-recovered/20080213075043_2db59c84f692_viewtopic.php.html
10	25	20080213050004	FoROOM ~ View topic - Room 5 - cloudy clouds	http://theroomz.19.forumer.com:80/viewtopic.php?t=10&postdays=0&postorder=asc&start=25	research/forumer-recovered/20080213050004_f46d00d81fe7_viewtopic.php.html
10	50	20080213075038	FoROOM ~ View topic - Room 5 - cloudy clouds	http://theroomz.19.forumer.com:80/viewtopic.php?t=10&postdays=0&postorder=asc&start=50	research/forumer-recovered/20080213075038_7bfa52aced14_viewtopic.php.html
10	125	20080208154201	FoROOM ~ View topic - Room 5 - cloudy clouds	http://theroomz.19.forumer.com:80/viewtopic.php?t=10&start=125&sid=0c892ab91f8b899c616578b04962c74f	research/forumer-recovered/20080208154201_1232eed59594_viewtopic.php.html
10	150	20080208154205	FoROOM ~ View topic - Room 5 - cloudy clouds	http://theroomz.19.forumer.com:80/viewtopic.php?t=10&start=150&sid=0c892ab91f8b899c616578b04962c74f	research/forumer-recovered/20080208154205_071b31fa0ffa_viewtopic.php.html
10	175	20080208154213	FoROOM ~ View topic - Room 5 - cloudy clouds	http://theroomz.19.forumer.com:80/viewtopic.php?t=10&start=175&sid=0c892ab91f8b899c616578b04962c74f	research/forumer-recovered/20080208154213_9ab5c3d6b9b5_viewtopic.php.html
11	0	20080208154235	FoROOM ~ View topic - Room 6 - which wicked witch is which?!	http://theroomz.19.forumer.com:80/viewtopic.php?t=11&start=0&sid=0c892ab91f8b899c616578b04962c74f	research/forumer-recovered/20080208154235_97270ae77f8d_viewtopic.php.html
11	175	20080208154243	FoROOM ~ View topic - Room 6 - which wicked witch is which?!	http://theroomz.19.forumer.com:80/viewtopic.php?t=11&start=175&sid=0c892ab91f8b899c616578b04962c74f	research/forumer-recovered/20080208154243_52c003fd2bc3_viewtopic.php.html
11	200	20080208154245	FoROOM ~ View topic - Room 6 - which wicked witch is which?!	http://theroomz.19.forumer.com:80/viewtopic.php?t=11&start=200&sid=0c892ab91f8b899c616578b04962c74f	research/forumer-recovered/20080208154245_44674882faa1_viewtopic.php.html
11	225	20080208154250	FoROOM ~ View topic - Room 6 - which wicked witch is which?!	http://theroomz.19.forumer.com:80/viewtopic.php?t=11&start=225&sid=0c892ab91f8b899c616578b04962c74f	research/forumer-recovered/20080208154250_66ec710b3925_viewtopic.php.html
13	0	20080208154440	FoROOM ~ View topic - Level 4 - forgotten life	http://theroomz.19.forumer.com:80/viewtopic.php?t=13&start=0&sid=0c892ab91f8b899c616578b04962c74f	research/forumer-recovered/20080208154440_40f9c85c90fb_viewtopic.php.html
13	150	20080208154446	FoROOM ~ View topic - Level 4 - forgotten life	http://theroomz.19.forumer.com:80/viewtopic.php?t=13&start=150&sid=0c892ab91f8b899c616578b04962c74f	research/forumer-recovered/20080208154446_bc8de4dd5f75_viewtopic.php.html
13	175	20080208154451	FoROOM ~ View topic - Level 4 - forgotten life	http://theroomz.19.forumer.com:80/viewtopic.php?t=13&start=175&sid=0c892ab91f8b899c616578b04962c74f	research/forumer-recovered/20080208154451_a5b3f92bbaca_viewtopic.php.html
13	200	20080208154456	FoROOM ~ View topic - Level 4 - forgotten life	http://theroomz.19.forumer.com:80/viewtopic.php?t=13&start=200&sid=0c892ab91f8b899c616578b04962c74f	research/forumer-recovered/20080208154456_bc1a4cb7b968_viewtopic.php.html
14		20080208111225	FoROOM ~ View topic - Room 3 - shape, shape, shape	http://theroomz.19.forumer.com:80/viewtopic.php?t=14	research/forumer-recovered/20080208111225_f82be60c71ee_viewtopic.php.html
14	0	20080208154541	FoROOM ~ View topic - Room 3 - shape, shape, shape	http://theroomz.19.forumer.com:80/viewtopic.php?t=14&start=0&sid=0c892ab91f8b899c616578b04962c74f	research/forumer-recovered/20080208154541_2b2c988c5eb9_viewtopic.php.html
14		20080209120255	FoROOM ~ View topic - Room 17 - rain?	http://theroomz.19.forumer.com:80/viewtopic.php?t=14&view=next	research/forumer-recovered/20080209120255_5b6a42713f6c_viewtopic.php.html
14		20080209120301	FoROOM ~ View topic - Room 2 - the truth of bricks	http://theroomz.19.forumer.com:80/viewtopic.php?t=14&view=previous	research/forumer-recovered/20080209120301_eb05dc4b8cbd_viewtopic.php.html
14	0	20080209131642	FoROOM ~ View topic - Room 3 - shape, shape, shape	http://theroomz.19.forumer.com:80/viewtopic.php?t=14&start=0&postdays=0&postorder=asc&highlight=	research/forumer-recovered/20080209131642_0327c5338275_viewtopic.php.html
14	0	20080213033107	FoROOM ~ View topic - Room 3 - shape, shape, shape	http://theroomz.19.forumer.com:80/viewtopic.php?t=14&postdays=0&postorder=asc&start=0&sid=a0d919c36a91fc76cc6721e2290ee305	research/forumer-recovered/20080213033107_5d7344440574_viewtopic.php.html
14		20080213033117	FoROOM ~ View topic - Room 17 - rain?	http://theroomz.19.forumer.com:80/viewtopic.php?t=14&view=next&sid=a0d919c36a91fc76cc6721e2290ee305	research/forumer-recovered/20080213033117_022f955264f2_viewtopic.php.html
14		20080213033122	FoROOM ~ View topic - Room 2 - the truth of bricks	http://theroomz.19.forumer.com:80/viewtopic.php?t=14&view=previous&sid=a0d919c36a91fc76cc6721e2290ee305	research/forumer-recovered/20080213033122_71cd8f97fb30_viewtopic.php.html
14	25	20080209120250	FoROOM ~ View topic - Room 3 - shape, shape, shape	http://theroomz.19.forumer.com:80/viewtopic.php?t=14&postdays=0&postorder=asc&start=25	research/forumer-recovered/20080209120250_6d63bbbef5e4_viewtopic.php.html
14	25	20080212100728	FoROOM ~ View topic - Room 3 - shape, shape, shape	http://theroomz.19.forumer.com:80/viewtopic.php?t=14&postdays=0&postorder=asc&start=25	research/forumer-recovered/20080212100728_6d63bbbef5e4_viewtopic.php.html
14	25	20080213040904	FoROOM ~ View topic - Room 3 - shape, shape, shape	http://theroomz.19.forumer.com:80/viewtopic.php?t=14&start=25&postdays=0&postorder=asc&highlight=&sid=a0d919c36a91fc76cc6721e2290ee305	research/forumer-recovered/20080213040904_634e02c47bdc_viewtopic.php.html
14	50	20080209131632	FoROOM ~ View topic - Room 3 - shape, shape, shape	http://theroomz.19.forumer.com:80/viewtopic.php?t=14&postdays=0&postorder=asc&start=50	research/forumer-recovered/20080209131632_c922c45a223e_viewtopic.php.html
14	50	20080212195445	FoROOM ~ View topic - Room 3 - shape, shape, shape	http://theroomz.19.forumer.com:80/viewtopic.php?t=14&postdays=0&postorder=asc&start=50	research/forumer-recovered/20080212195445_c922c45a223e_viewtopic.php.html
14	50	20080213033112	FoROOM ~ View topic - Room 3 - shape, shape, shape	http://theroomz.19.forumer.com:80/viewtopic.php?t=14&postdays=0&postorder=asc&start=50&sid=a0d919c36a91fc76cc6721e2290ee305	research/forumer-recovered/20080213033112_75cf1bc69c52_viewtopic.php.html
14	75	20080209131637	FoROOM ~ View topic - Room 3 - shape, shape, shape	http://theroomz.19.forumer.com:80/viewtopic.php?t=14&postdays=0&postorder=asc&start=75	research/forumer-recovered/20080209131637_2361a688fd02_viewtopic.php.html
14	75	20080213040859	FoROOM ~ View topic - Room 3 - shape, shape, shape	http://theroomz.19.forumer.com:80/viewtopic.php?t=14&postdays=0&postorder=asc&start=75&sid=a0d919c36a91fc76cc6721e2290ee305	research/forumer-recovered/20080213040859_22dac938b352_viewtopic.php.html
14	100	20080209131601	FoROOM ~ View topic - Room 3 - shape, shape, shape	http://theroomz.19.forumer.com:80/viewtopic.php?t=14&postdays=0&postorder=asc&start=100	research/forumer-recovered/20080209131601_f53335f62889_viewtopic.php.html
14	100	20080213040828	FoROOM ~ View topic - Room 3 - shape, shape, shape	http://theroomz.19.forumer.com:80/viewtopic.php?t=14&postdays=0&postorder=asc&start=100&sid=a0d919c36a91fc76cc6721e2290ee305	research/forumer-recovered/20080213040828_c637d26ce7d4_viewtopic.php.html
14	125	20080209131606	FoROOM ~ View topic - Room 3 - shape, shape, shape	http://theroomz.19.forumer.com:80/viewtopic.php?t=14&postdays=0&postorder=asc&start=125	research/forumer-recovered/20080209131606_68497e3dc0c7_viewtopic.php.html
14	125	20080213040832	FoROOM ~ View topic - Room 3 - shape, shape, shape	http://theroomz.19.forumer.com:80/viewtopic.php?t=14&postdays=0&postorder=asc&start=125&sid=a0d919c36a91fc76cc6721e2290ee305	research/forumer-recovered/20080213040832_9bd23dc54305_viewtopic.php.html
14	150	20080209131611	FoROOM ~ View topic - Room 3 - shape, shape, shape	http://theroomz.19.forumer.com:80/viewtopic.php?t=14&postdays=0&postorder=asc&start=150	research/forumer-recovered/20080209131611_640fbc3d6788_viewtopic.php.html
14	150	20080213040838	FoROOM ~ View topic - Room 3 - shape, shape, shape	http://theroomz.19.forumer.com:80/viewtopic.php?t=14&postdays=0&postorder=asc&start=150&sid=a0d919c36a91fc76cc6721e2290ee305	research/forumer-recovered/20080213040838_0b4fb29314c3_viewtopic.php.html
14	175	20080208154546	FoROOM ~ View topic - Room 3 - shape, shape, shape	http://theroomz.19.forumer.com:80/viewtopic.php?t=14&start=175&sid=0c892ab91f8b899c616578b04962c74f	research/forumer-recovered/20080208154546_3ae2b3f6ab8d_viewtopic.php.html
14	175	20080209131616	FoROOM ~ View topic - Room 3 - shape, shape, shape	http://theroomz.19.forumer.com:80/viewtopic.php?t=14&postdays=0&postorder=asc&start=175	research/forumer-recovered/20080209131616_ea0a251e0b0b_viewtopic.php.html
14	175	20080213040843	FoROOM ~ View topic - Room 3 - shape, shape, shape	http://theroomz.19.forumer.com:80/viewtopic.php?t=14&postdays=0&postorder=asc&start=175&sid=a0d919c36a91fc76cc6721e2290ee305	research/forumer-recovered/20080213040843_4e70d0ced64c_viewtopic.php.html
14	200	20080208154551	FoROOM ~ View topic - Room 3 - shape, shape, shape	http://theroomz.19.forumer.com:80/viewtopic.php?t=14&start=200&sid=0c892ab91f8b899c616578b04962c74f	research/forumer-recovered/20080208154551_15df88619778_viewtopic.php.html
14	200	20080209131622	FoROOM ~ View topic - Room 3 - shape, shape, shape	http://theroomz.19.forumer.com:80/viewtopic.php?t=14&postdays=0&postorder=asc&start=200	research/forumer-recovered/20080209131622_1f5da7834d61_viewtopic.php.html
14	200	20080213040848	FoROOM ~ View topic - Room 3 - shape, shape, shape	http://theroomz.19.forumer.com:80/viewtopic.php?t=14&postdays=0&postorder=asc&start=200&sid=a0d919c36a91fc76cc6721e2290ee305	research/forumer-recovered/20080213040848_e80a9bb629d9_viewtopic.php.html
14	225	20080208154555	FoROOM ~ View topic - Room 3 - shape, shape, shape	http://theroomz.19.forumer.com:80/viewtopic.php?t=14&start=225&sid=0c892ab91f8b899c616578b04962c74f	research/forumer-recovered/20080208154555_cdea24ca0f18_viewtopic.php.html
14	225	20080209131626	FoROOM ~ View topic - Room 3 - shape, shape, shape	http://theroomz.19.forumer.com:80/viewtopic.php?t=14&postdays=0&postorder=asc&start=225	research/forumer-recovered/20080209131626_615945acdea3_viewtopic.php.html
14	225	20080213040854	FoROOM ~ View topic - Room 3 - shape, shape, shape	http://theroomz.19.forumer.com:80/viewtopic.php?t=14&postdays=0&postorder=asc&start=225&sid=a0d919c36a91fc76cc6721e2290ee305	research/forumer-recovered/20080213040854_769057331fe9_viewtopic.php.html
15	0	20080208154642	FoROOM ~ View topic - Room 2 - the truth of bricks	http://theroomz.19.forumer.com:80/viewtopic.php?t=15&start=0&sid=0c892ab91f8b899c616578b04962c74f	research/forumer-recovered/20080208154642_565a8fbd8922_viewtopic.php.html
15	150	20080208154647	FoROOM ~ View topic - Room 2 - the truth of bricks	http://theroomz.19.forumer.com:80/viewtopic.php?t=15&start=150&sid=0c892ab91f8b899c616578b04962c74f	research/forumer-recovered/20080208154647_9cae9840f2e6_viewtopic.php.html
15	175	20080208154651	FoROOM ~ View topic - Room 2 - the truth of bricks	http://theroomz.19.forumer.com:80/viewtopic.php?t=15&start=175&sid=0c892ab91f8b899c616578b04962c74f	research/forumer-recovered/20080208154651_09fce136b0c3_viewtopic.php.html
15	200	20080208154656	FoROOM ~ View topic - Room 2 - the truth of bricks	http://theroomz.19.forumer.com:80/viewtopic.php?t=15&start=200&sid=0c892ab91f8b899c616578b04962c74f	research/forumer-recovered/20080208154656_26bf7f91fe69_viewtopic.php.html
16	0	20080208154748	FoROOM ~ View topic - Room 8 - it is time...	http://theroomz.19.forumer.com:80/viewtopic.php?t=16&start=0&sid=0c892ab91f8b899c616578b04962c74f	research/forumer-recovered/20080208154748_e1807140cc91_viewtopic.php.html
16	50	20080208154758	FoROOM ~ View topic - Room 8 - it is time...	http://theroomz.19.forumer.com:80/viewtopic.php?t=16&start=50&sid=0c892ab91f8b899c616578b04962c74f	research/forumer-recovered/20080208154758_83c9561d2690_viewtopic.php.html
16	75	20080208154803	FoROOM ~ View topic - Room 8 - it is time...	http://theroomz.19.forumer.com:80/viewtopic.php?t=16&start=75&sid=0c892ab91f8b899c616578b04962c74f	research/forumer-recovered/20080208154803_de1df8828be1_viewtopic.php.html
16	100	20080208154756	FoROOM ~ View topic - Room 8 - it is time...	http://theroomz.19.forumer.com:80/viewtopic.php?t=16&start=100&sid=0c892ab91f8b899c616578b04962c74f	research/forumer-recovered/20080208154756_182fb1cef815_viewtopic.php.html
17	0	20080208155010	FoROOM ~ View topic - Room 7 - challenge time	http://theroomz.19.forumer.com:80/viewtopic.php?t=17&start=0&sid=0c892ab91f8b899c616578b04962c74f	research/forumer-recovered/20080208155010_dd278015badc_viewtopic.php.html
17	50	20080208155022	FoROOM ~ View topic - Room 7 - challenge time	http://theroomz.19.forumer.com:80/viewtopic.php?t=17&start=50&sid=0c892ab91f8b899c616578b04962c74f	research/forumer-recovered/20080208155022_daa78d5cd1f2_viewtopic.php.html
17	75	20080208155026	FoROOM ~ View topic - Room 7 - challenge time	http://theroomz.19.forumer.com:80/viewtopic.php?t=17&start=75&sid=0c892ab91f8b899c616578b04962c74f	research/forumer-recovered/20080208155026_b516784000d9_viewtopic.php.html
17	100	20080208155014	FoROOM ~ View topic - Room 7 - challenge time	http://theroomz.19.forumer.com:80/viewtopic.php?t=17&start=100&sid=0c892ab91f8b899c616578b04962c74f	research/forumer-recovered/20080208155014_0138cca7b021_viewtopic.php.html
20	0	20080208155051	FoROOM ~ View topic - Room 9 - @##$...	http://theroomz.19.forumer.com:80/viewtopic.php?t=20&start=0&sid=0c892ab91f8b899c616578b04962c74f	research/forumer-recovered/20080208155051_3d84e33375a8_viewtopic.php.html
20	75	20080208155106	FoROOM ~ View topic - Room 9 - @##$...	http://theroomz.19.forumer.com:80/viewtopic.php?t=20&start=75&sid=0c892ab91f8b899c616578b04962c74f	research/forumer-recovered/20080208155106_16c87f5aa385_viewtopic.php.html
20	100	20080208155056	FoROOM ~ View topic - Room 9 - @##$...	http://theroomz.19.forumer.com:80/viewtopic.php?t=20&start=100&sid=0c892ab91f8b899c616578b04962c74f	research/forumer-recovered/20080208155056_9cfe7c232e2d_viewtopic.php.html
20	125	20080208155100	FoROOM ~ View topic - Room 9 - @##$...	http://theroomz.19.forumer.com:80/viewtopic.php?t=20&start=125&sid=0c892ab91f8b899c616578b04962c74f	research/forumer-recovered/20080208155100_526547dec636_viewtopic.php.html
23	0	20080208155206	FoROOM ~ View topic - Level 10 - darkness	http://theroomz.19.forumer.com:80/viewtopic.php?t=23&start=0&sid=0c892ab91f8b899c616578b04962c74f	research/forumer-recovered/20080208155206_c5ce6402aef9_viewtopic.php.html
23	25	20080208155211	FoROOM ~ View topic - Level 10 - darkness	http://theroomz.19.forumer.com:80/viewtopic.php?t=23&start=25&sid=0c892ab91f8b899c616578b04962c74f	research/forumer-recovered/20080208155211_f59bef3196fa_viewtopic.php.html
23	50	20080208155216	FoROOM ~ View topic - Level 10 - darkness	http://theroomz.19.forumer.com:80/viewtopic.php?t=23&start=50&sid=0c892ab91f8b899c616578b04962c74f	research/forumer-recovered/20080208155216_4a98dd5ff3ff_viewtopic.php.html
32	0	20080208155312	FoROOM ~ View topic - Room 11 - the balance	http://theroomz.19.forumer.com:80/viewtopic.php?t=32&start=0&sid=0c892ab91f8b899c616578b04962c74f	research/forumer-recovered/20080208155312_d8896b87ec9f_viewtopic.php.html
32	25	20080208155316	FoROOM ~ View topic - Room 11 - the balance	http://theroomz.19.forumer.com:80/viewtopic.php?t=32&start=25&sid=0c892ab91f8b899c616578b04962c74f	research/forumer-recovered/20080208155316_d94b0960155f_viewtopic.php.html
32	50	20080208155321	FoROOM ~ View topic - Room 11 - the balance	http://theroomz.19.forumer.com:80/viewtopic.php?t=32&start=50&sid=0c892ab91f8b899c616578b04962c74f	research/forumer-recovered/20080208155321_20935cd575ad_viewtopic.php.html
32	75	20080208155326	FoROOM ~ View topic - Room 11 - the balance	http://theroomz.19.forumer.com:80/viewtopic.php?t=32&start=75&sid=0c892ab91f8b899c616578b04962c74f	research/forumer-recovered/20080208155326_55c39c8be1ef_viewtopic.php.html
34	0	20080208155332	FoROOM ~ View topic - Room 13 - so white	http://theroomz.19.forumer.com:80/viewtopic.php?t=34&start=0&sid=0c892ab91f8b899c616578b04962c74f	research/forumer-recovered/20080208155332_f717be745440_viewtopic.php.html
34	75	20080208155346	FoROOM ~ View topic - Room 13 - so white	http://theroomz.19.forumer.com:80/viewtopic.php?t=34&start=75&sid=0c892ab91f8b899c616578b04962c74f	research/forumer-recovered/20080208155346_3e84e5b246a1_viewtopic.php.html
34	100	20080208155336	FoROOM ~ View topic - Room 13 - so white	http://theroomz.19.forumer.com:80/viewtopic.php?t=34&start=100&sid=0c892ab91f8b899c616578b04962c74f	research/forumer-recovered/20080208155336_031de407c40b_viewtopic.php.html
34	125	20080208155341	FoROOM ~ View topic - Room 13 - so white	http://theroomz.19.forumer.com:80/viewtopic.php?t=34&start=125&sid=0c892ab91f8b899c616578b04962c74f	research/forumer-recovered/20080208155341_67ff996045f8_viewtopic.php.html
36	0	20080208155351	FoROOM ~ View topic - Room 15 - shame :P	http://theroomz.19.forumer.com:80/viewtopic.php?t=36&start=0&sid=0c892ab91f8b899c616578b04962c74f	research/forumer-recovered/20080208155351_875e2529d4f6_viewtopic.php.html
36	25	20080208155356	FoROOM ~ View topic - Room 15 - shame :P	http://theroomz.19.forumer.com:80/viewtopic.php?t=36&start=25&sid=0c892ab91f8b899c616578b04962c74f	research/forumer-recovered/20080208155356_541e3f3a465a_viewtopic.php.html
36	50	20080208155401	FoROOM ~ View topic - Room 15 - shame :P	http://theroomz.19.forumer.com:80/viewtopic.php?t=36&start=50&sid=0c892ab91f8b899c616578b04962c74f	research/forumer-recovered/20080208155401_746b84a0cf76_viewtopic.php.html
36	75	20080208155409	FoROOM ~ View topic - Room 15 - shame :P	http://theroomz.19.forumer.com:80/viewtopic.php?t=36&start=75&sid=0c892ab91f8b899c616578b04962c74f	research/forumer-recovered/20080208155409_ef6a0e0f1ef6_viewtopic.php.html
37	0	20080208155411	FoROOM ~ View topic - Room 16 - wood stuff	http://theroomz.19.forumer.com:80/viewtopic.php?t=37&start=0&sid=0c892ab91f8b899c616578b04962c74f	research/forumer-recovered/20080208155411_377076d93535_viewtopic.php.html
37	25	20080208155416	FoROOM ~ View topic - Room 16 - wood stuff	http://theroomz.19.forumer.com:80/viewtopic.php?t=37&start=25&sid=0c892ab91f8b899c616578b04962c74f	research/forumer-recovered/20080208155416_c98ef134a9fa_viewtopic.php.html
37	50	20080208155421	FoROOM ~ View topic - Room 16 - wood stuff	http://theroomz.19.forumer.com:80/viewtopic.php?t=37&start=50&sid=0c892ab91f8b899c616578b04962c74f	research/forumer-recovered/20080208155421_466d44c8dd29_viewtopic.php.html
37	75	20080208155426	FoROOM ~ View topic - Room 16 - wood stuff	http://theroomz.19.forumer.com:80/viewtopic.php?t=37&start=75&sid=0c892ab91f8b899c616578b04962c74f	research/forumer-recovered/20080208155426_ebfeac7bc967_viewtopic.php.html
38	0	20080208155431	FoROOM ~ View topic - Room 17 - rain?	http://theroomz.19.forumer.com:80/viewtopic.php?t=38&start=0&sid=0c892ab91f8b899c616578b04962c74f	research/forumer-recovered/20080208155431_20fd71a3a5c3_viewtopic.php.html
38	125	20080208155437	FoROOM ~ View topic - Room 17 - rain?	http://theroomz.19.forumer.com:80/viewtopic.php?t=38&start=125&sid=0c892ab91f8b899c616578b04962c74f	research/forumer-recovered/20080208155437_28b7a028b22c_viewtopic.php.html
38	150	20080208155443	FoROOM ~ View topic - Room 17 - rain?	http://theroomz.19.forumer.com:80/viewtopic.php?t=38&start=150&sid=0c892ab91f8b899c616578b04962c74f	research/forumer-recovered/20080208155443_60894f7e2f55_viewtopic.php.html
38	175	20080208155446	FoROOM ~ View topic - Room 17 - rain?	http://theroomz.19.forumer.com:80/viewtopic.php?t=38&start=175&sid=0c892ab91f8b899c616578b04962c74f	research/forumer-recovered/20080208155446_0bda1d64b2a8_viewtopic.php.html
39	0	20080208155452	FoROOM ~ View topic - Room 18 - a lot of stuff ;p	http://theroomz.19.forumer.com:80/viewtopic.php?t=39&start=0&sid=0c892ab91f8b899c616578b04962c74f	research/forumer-recovered/20080208155452_dca2f91d34be_viewtopic.php.html
39	25	20080208155458	FoROOM ~ View topic - Room 18 - a lot of stuff ;p	http://theroomz.19.forumer.com:80/viewtopic.php?t=39&start=25&sid=0c892ab91f8b899c616578b04962c74f	research/forumer-recovered/20080208155458_ccdc1a9d3052_viewtopic.php.html
39	50	20080208155502	FoROOM ~ View topic - Room 18 - a lot of stuff ;p	http://theroomz.19.forumer.com:80/viewtopic.php?t=39&start=50&sid=0c892ab91f8b899c616578b04962c74f	research/forumer-recovered/20080208155502_05adf9379eaa_viewtopic.php.html
39	75	20080208155506	FoROOM ~ View topic - Room 18 - a lot of stuff ;p	http://theroomz.19.forumer.com:80/viewtopic.php?t=39&start=75&sid=0c892ab91f8b899c616578b04962c74f	research/forumer-recovered/20080208155506_e8627f1461bb_viewtopic.php.html
41	0	20080208155512	FoROOM ~ View topic - Room 12 - the gallery	http://theroomz.19.forumer.com:80/viewtopic.php?t=41&start=0&sid=0c892ab91f8b899c616578b04962c74f	research/forumer-recovered/20080208155512_da2edd9a1584_viewtopic.php.html
41	25	20080208155522	FoROOM ~ View topic - Room 12 - the gallery	http://theroomz.19.forumer.com:80/viewtopic.php?t=41&start=25&sid=0c892ab91f8b899c616578b04962c74f	research/forumer-recovered/20080208155522_33f9e9b2e29c_viewtopic.php.html
41	50	20080208155523	FoROOM ~ View topic - Room 12 - the gallery	http://theroomz.19.forumer.com:80/viewtopic.php?t=41&start=50&sid=0c892ab91f8b899c616578b04962c74f	research/forumer-recovered/20080208155523_f0904eb63293_viewtopic.php.html
41	75	20080208155528	FoROOM ~ View topic - Room 12 - the gallery	http://theroomz.19.forumer.com:80/viewtopic.php?t=41&start=75&sid=0c892ab91f8b899c616578b04962c74f	research/forumer-recovered/20080208155528_3af708be6356_viewtopic.php.html
46	0	20080208155534	FoROOM ~ View topic - Room 19 - even more stuff	http://theroomz.19.forumer.com:80/viewtopic.php?t=46&start=0&sid=0c892ab91f8b899c616578b04962c74f	research/forumer-recovered/20080208155534_275b08dbf507_viewtopic.php.html
46	25	20080208155539	FoROOM ~ View topic - Room 19 - even more stuff	http://theroomz.19.forumer.com:80/viewtopic.php?t=46&start=25&sid=0c892ab91f8b899c616578b04962c74f	research/forumer-recovered/20080208155539_ec6c674e91fb_viewtopic.php.html
46	50	20080208155543	FoROOM ~ View topic - Room 19 - even more stuff	http://theroomz.19.forumer.com:80/viewtopic.php?t=46&start=50&sid=0c892ab91f8b899c616578b04962c74f	research/forumer-recovered/20080208155543_85161f11d4d1_viewtopic.php.html
46	75	20080208155548	FoROOM ~ View topic - Room 19 - even more stuff	http://theroomz.19.forumer.com:80/viewtopic.php?t=46&start=75&sid=0c892ab91f8b899c616578b04962c74f	research/forumer-recovered/20080208155548_e0638ab330b6_viewtopic.php.html
48	0	20080208155557	FoROOM ~ View topic - Room 20 - checking...	http://theroomz.19.forumer.com:80/viewtopic.php?t=48&start=0&sid=0c892ab91f8b899c616578b04962c74f	research/forumer-recovered/20080208155557_c32be33ddc5a_viewtopic.php.html
48	25	20080208155558	FoROOM ~ View topic - Room 20 - checking...	http://theroomz.19.forumer.com:80/viewtopic.php?t=48&start=25&sid=0c892ab91f8b899c616578b04962c74f	research/forumer-recovered/20080208155558_1c7b979f8910_viewtopic.php.html
55	0	20080208155649	FoROOM ~ View topic - Room 21 - Around the paper	http://theroomz.19.forumer.com:80/viewtopic.php?t=55&start=0&sid=0c892ab91f8b899c616578b04962c74f	research/forumer-recovered/20080208155649_5273d982f005_viewtopic.php.html
55	50	20080208155659	FoROOM ~ View topic - Room 21 - Around the paper	http://theroomz.19.forumer.com:80/viewtopic.php?t=55&start=50&sid=0c892ab91f8b899c616578b04962c74f	research/forumer-recovered/20080208155659_550a706da2c3_viewtopic.php.html
55	75	20080208155704	FoROOM ~ View topic - Room 21 - Around the paper	http://theroomz.19.forumer.com:80/viewtopic.php?t=55&start=75&sid=0c892ab91f8b899c616578b04962c74f	research/forumer-recovered/20080208155704_716f88ed00c3_viewtopic.php.html
55	100	20080208155653	FoROOM ~ View topic - Room 21 - Around the paper	http://theroomz.19.forumer.com:80/viewtopic.php?t=55&start=100&sid=0c892ab91f8b899c616578b04962c74f	research/forumer-recovered/20080208155653_c1beb44730c3_viewtopic.php.html
58	0	20080208155709	FoROOM ~ View topic - Room 22 - Hot Sun	http://theroomz.19.forumer.com:80/viewtopic.php?t=58&start=0&sid=0c892ab91f8b899c616578b04962c74f	research/forumer-recovered/20080208155709_5e9655cdf963_viewtopic.php.html
58	25	20080208155714	FoROOM ~ View topic - Room 22 - Hot Sun	http://theroomz.19.forumer.com:80/viewtopic.php?t=58&start=25&sid=0c892ab91f8b899c616578b04962c74f	research/forumer-recovered/20080208155714_b54866ea9c39_viewtopic.php.html
58	50	20080208155719	FoROOM ~ View topic - Room 22 - Hot Sun	http://theroomz.19.forumer.com:80/viewtopic.php?t=58&start=50&sid=0c892ab91f8b899c616578b04962c74f	research/forumer-recovered/20080208155719_d84d34d442ce_viewtopic.php.html
58	75	20080208155724	FoROOM ~ View topic - Room 22 - Hot Sun	http://theroomz.19.forumer.com:80/viewtopic.php?t=58&start=75&sid=0c892ab91f8b899c616578b04962c74f	research/forumer-recovered/20080208155724_6c96f5ed7e5e_viewtopic.php.html
59	0	20080208155728	FoROOM ~ View topic - Room 23 - In the basement	http://theroomz.19.forumer.com:80/viewtopic.php?t=59&start=0&sid=0c892ab91f8b899c616578b04962c74f	research/forumer-recovered/20080208155728_348ac43b6ff4_viewtopic.php.html
59	75	20080208155745	FoROOM ~ View topic - Room 23 - In the basement	http://theroomz.19.forumer.com:80/viewtopic.php?t=59&start=75&sid=0c892ab91f8b899c616578b04962c74f	research/forumer-recovered/20080208155745_3c21b6d0897c_viewtopic.php.html
59	100	20080208155733	FoROOM ~ View topic - Room 23 - In the basement	http://theroomz.19.forumer.com:80/viewtopic.php?t=59&start=100&sid=0c892ab91f8b899c616578b04962c74f	research/forumer-recovered/20080208155733_703e16f1a659_viewtopic.php.html
59	125	20080208155739	FoROOM ~ View topic - Room 23 - In the basement	http://theroomz.19.forumer.com:80/viewtopic.php?t=59&start=125&sid=0c892ab91f8b899c616578b04962c74f	research/forumer-recovered/20080208155739_cb56be8396e4_viewtopic.php.html
60	0	20080208155749	FoROOM ~ View topic - Room 24 - Upside down and sideways	http://theroomz.19.forumer.com:80/viewtopic.php?t=60&start=0&sid=0c892ab91f8b899c616578b04962c74f	research/forumer-recovered/20080208155749_5f3cc911c6a2_viewtopic.php.html
60	75	20110731043953	FoROOM ~ View topic - Room 24 - Upside down and sideways	http://theroomz.19.forumer.com/viewtopic.php?t=60&postdays=0&postorder=asc&start=75	research/forumer-recovered/20110731043953_8c2868f2d2db_viewtopic.php.html
60	100	20080208155754	FoROOM ~ View topic - Room 24 - Upside down and sideways	http://theroomz.19.forumer.com:80/viewtopic.php?t=60&start=100&sid=0c892ab91f8b899c616578b04962c74f	research/forumer-recovered/20080208155754_2c576df7d7e4_viewtopic.php.html
60	100	20110731044014	FoROOM ~ View topic - Room 24 - Upside down and sideways	http://theroomz.19.forumer.com/viewtopic.php?t=60&postdays=0&postorder=asc&start=100&sid=554ffabdf7eda579e500289a6a33529c	research/forumer-recovered/20110731044014_5c72f7842965_viewtopic.php.html
60	125	20080208155759	FoROOM ~ View topic - Room 24 - Upside down and sideways	http://theroomz.19.forumer.com:80/viewtopic.php?t=60&start=125&sid=0c892ab91f8b899c616578b04962c74f	research/forumer-recovered/20080208155759_9739f32d0519_viewtopic.php.html
60	150	20080208155803	FoROOM ~ View topic - Room 24 - Upside down and sideways	http://theroomz.19.forumer.com:80/viewtopic.php?t=60&start=150&sid=0c892ab91f8b899c616578b04962c74f	research/forumer-recovered/20080208155803_b9b4bb7a9f63_viewtopic.php.html
61	0	20080208155809	FoROOM ~ View topic - Room 25 - point it out!	http://theroomz.19.forumer.com:80/viewtopic.php?t=61&start=0&sid=0c892ab91f8b899c616578b04962c74f	research/forumer-recovered/20080208155809_11547b886186_viewtopic.php.html
61	25	20080208155818	FoROOM ~ View topic - Room 25 - point it out!	http://theroomz.19.forumer.com:80/viewtopic.php?t=61&start=25&sid=0c892ab91f8b899c616578b04962c74f	research/forumer-recovered/20080208155818_c80366482061_viewtopic.php.html
61	50	20080208155822	FoROOM ~ View topic - Room 25 - point it out!	http://theroomz.19.forumer.com:80/viewtopic.php?t=61&start=50&sid=0c892ab91f8b899c616578b04962c74f	research/forumer-recovered/20080208155822_05415254f021_viewtopic.php.html
61	75	20080208155824	FoROOM ~ View topic - Room 25 - point it out!	http://theroomz.19.forumer.com:80/viewtopic.php?t=61&start=75&sid=0c892ab91f8b899c616578b04962c74f	research/forumer-recovered/20080208155824_68fa06dc8ef5_viewtopic.php.html
73		20070312090135	FoROOM ~ View topic - Name of the song	http://theroomz.19.forumer.com:80/viewtopic.php?t=73&amp	research/forumer-recovered/20070312090135_225b86a17b38_viewtopic.php.html
73		20070312211555	FoROOM ~ View topic - Name of the song	http://theroomz.19.forumer.com:80/viewtopic.php?t=73&sid=cd20e078ed523ac28eeff5ca6e42fd8e	research/forumer-recovered/20070312211555_f2bd1cc472ff_viewtopic.php.html
73		20070315230908	FoROOM ~ View topic - Name of the song	http://theroomz.19.forumer.com:80/viewtopic.php?t=73&highlight=&sid=e27435025e1f5c08973125c7154cecda	research/forumer-recovered/20070315230908_341acef392d4_viewtopic.php.html
73		20070316091731	FoROOM ~ View topic - Name of the song	http://theroomz.19.forumer.com:80/viewtopic.php?t=73	research/forumer-recovered/20070316091731_3e6a3c24fa37_viewtopic.php.html
76	0	20080208155829	FoROOM ~ View topic - room 26 - confession time	http://theroomz.19.forumer.com:80/viewtopic.php?t=76&start=0&sid=0c892ab91f8b899c616578b04962c74f	research/forumer-recovered/20080208155829_809d070372a7_viewtopic.php.html
76	25	20080208155834	FoROOM ~ View topic - room 26 - confession time	http://theroomz.19.forumer.com:80/viewtopic.php?t=76&start=25&sid=0c892ab91f8b899c616578b04962c74f	research/forumer-recovered/20080208155834_852a6fb6fb2b_viewtopic.php.html
76	50	20080208155838	FoROOM ~ View topic - room 26 - confession time	http://theroomz.19.forumer.com:80/viewtopic.php?t=76&start=50&sid=0c892ab91f8b899c616578b04962c74f	research/forumer-recovered/20080208155838_880595f27e9f_viewtopic.php.html
78	0	20080208155844	FoROOM ~ View topic - room 28 - we love numbers!	http://theroomz.19.forumer.com:80/viewtopic.php?t=78&start=0&sid=0c892ab91f8b899c616578b04962c74f	research/forumer-recovered/20080208155844_0a9c61ad061f_viewtopic.php.html
78	100	20080208155849	FoROOM ~ View topic - room 28 - we love numbers!	http://theroomz.19.forumer.com:80/viewtopic.php?t=78&start=100&sid=0c892ab91f8b899c616578b04962c74f	research/forumer-recovered/20080208155849_5134d1942938_viewtopic.php.html
78	125	20080208155857	FoROOM ~ View topic - room 28 - we love numbers!	http://theroomz.19.forumer.com:80/viewtopic.php?t=78&start=125&sid=0c892ab91f8b899c616578b04962c74f	research/forumer-recovered/20080208155857_fef6748f28d2_viewtopic.php.html
78	150	20080208155859	FoROOM ~ View topic - room 28 - we love numbers!	http://theroomz.19.forumer.com:80/viewtopic.php?t=78&start=150&sid=0c892ab91f8b899c616578b04962c74f	research/forumer-recovered/20080208155859_ea1b5107b90e_viewtopic.php.html
97	0	20080208155904	FoROOM ~ View topic - Bonus Room - the Sphinx	http://theroomz.19.forumer.com:80/viewtopic.php?t=97&start=0&sid=0c892ab91f8b899c616578b04962c74f	research/forumer-recovered/20080208155904_b197abcd981f_viewtopic.php.html
97	25	20080208155910	FoROOM ~ View topic - Bonus Room - the Sphinx	http://theroomz.19.forumer.com:80/viewtopic.php?t=97&start=25&sid=0c892ab91f8b899c616578b04962c74f	research/forumer-recovered/20080208155910_11286353d8ff_viewtopic.php.html
97	50	20080208155914	FoROOM ~ View topic - Bonus Room - the Sphinx	http://theroomz.19.forumer.com:80/viewtopic.php?t=97&start=50&sid=0c892ab91f8b899c616578b04962c74f	research/forumer-recovered/20080208155914_e97400d674e8_viewtopic.php.html
98		20071102143856	FoROOM ~ View topic - TheRoomz IRC channel	http://theroomz.19.forumer.com:80/viewtopic.php?t=98	research/forumer-recovered/20071102143856_a3d6fdc20e8b_viewtopic.php.html
98		20080102173521	FoROOM ~ View topic - TheRoomz IRC channel	http://theroomz.19.forumer.com:80/viewtopic.php?t=98	research/forumer-recovered/20080102173521_a3d6fdc20e8b_viewtopic.php.html
98		20081221133002	FoROOM ~ View topic - TheRoomz IRC channel	http://theroomz.19.forumer.com:80/viewtopic.php?t=98	research/forumer-recovered/20081221133002_a3d6fdc20e8b_viewtopic.php.html
98		20110618104232	FoROOM ~ View topic - TheRoomz IRC channel	http://theroomz.19.forumer.com:80/viewtopic.php?t=98	research/forumer-recovered/20110618104232_a3d6fdc20e8b_viewtopic.php.html
98		20110914035950	FoROOM ~ View topic - TheRoomz IRC channel	http://theroomz.19.forumer.com:80/viewtopic.php?t=98	research/forumer-recovered/20110914035950_a3d6fdc20e8b_viewtopic.php.html
98		20120215135356	FoROOM ~ View topic - TheRoomz IRC channel	http://theroomz.19.forumer.com:80/viewtopic.php?t=98	research/forumer-recovered/20120215135356_a3d6fdc20e8b_viewtopic.php.html
109	0	20080208154216	FoROOM ~ View topic - room 29 - we're one big family	http://theroomz.19.forumer.com:80/viewtopic.php?t=109&start=0&sid=0c892ab91f8b899c616578b04962c74f	research/forumer-recovered/20080208154216_ed09c8ba2424_viewtopic.php.html
109	100	20080208154220	FoROOM ~ View topic - room 29 - we're one big family	http://theroomz.19.forumer.com:80/viewtopic.php?t=109&start=100&sid=0c892ab91f8b899c616578b04962c74f	research/forumer-recovered/20080208154220_b52ceb290501_viewtopic.php.html
109	125	20080208154225	FoROOM ~ View topic - room 29 - we're one big family	http://theroomz.19.forumer.com:80/viewtopic.php?t=109&start=125&sid=0c892ab91f8b899c616578b04962c74f	research/forumer-recovered/20080208154225_01e6ee1d01c4_viewtopic.php.html
109	150	20080208154230	FoROOM ~ View topic - room 29 - we're one big family	http://theroomz.19.forumer.com:80/viewtopic.php?t=109&start=150&sid=0c892ab91f8b899c616578b04962c74f	research/forumer-recovered/20080208154230_7dd7312a91e6_viewtopic.php.html
110	0	20080208154255	FoROOM ~ View topic - room 30 - my name is fake...	http://theroomz.19.forumer.com:80/viewtopic.php?t=110&start=0&sid=0c892ab91f8b899c616578b04962c74f	research/forumer-recovered/20080208154255_4e52fd6e1c69_viewtopic.php.html
110	200	20080208154300	FoROOM ~ View topic - room 30 - my name is fake...	http://theroomz.19.forumer.com:80/viewtopic.php?t=110&start=200&sid=0c892ab91f8b899c616578b04962c74f	research/forumer-recovered/20080208154300_4cf112d3d212_viewtopic.php.html
110	225	20080208154305	FoROOM ~ View topic - room 30 - my name is fake...	http://theroomz.19.forumer.com:80/viewtopic.php?t=110&start=225&sid=0c892ab91f8b899c616578b04962c74f	research/forumer-recovered/20080208154305_61c5b56a0d5b_viewtopic.php.html
110	250	20080208154310	FoROOM ~ View topic - room 30 - my name is fake...	http://theroomz.19.forumer.com:80/viewtopic.php?t=110&start=250&sid=0c892ab91f8b899c616578b04962c74f	research/forumer-recovered/20080208154310_9e778f783486_viewtopic.php.html
121	0	20080208154315	FoROOM ~ View topic - Room 31 - What the hell?!	http://theroomz.19.forumer.com:80/viewtopic.php?t=121&start=0&sid=0c892ab91f8b899c616578b04962c74f	research/forumer-recovered/20080208154315_3260b88a0c43_viewtopic.php.html
121	125	20080208154320	FoROOM ~ View topic - Room 31 - What the hell?!	http://theroomz.19.forumer.com:80/viewtopic.php?t=121&start=125&sid=0c892ab91f8b899c616578b04962c74f	research/forumer-recovered/20080208154320_adcc4a5380c5_viewtopic.php.html
121	150	20080208154325	FoROOM ~ View topic - Room 31 - What the hell?!	http://theroomz.19.forumer.com:80/viewtopic.php?t=121&start=150&sid=0c892ab91f8b899c616578b04962c74f	research/forumer-recovered/20080208154325_6ed0d851f2b1_viewtopic.php.html
121	175	20080208154330	FoROOM ~ View topic - Room 31 - What the hell?!	http://theroomz.19.forumer.com:80/viewtopic.php?t=121&start=175&sid=0c892ab91f8b899c616578b04962c74f	research/forumer-recovered/20080208154330_33731a8d6ef0_viewtopic.php.html
122	0	20080208154336	FoROOM ~ View topic - Room 32 - Knock, knock, knockin' on heaven's door...	http://theroomz.19.forumer.com:80/viewtopic.php?t=122&start=0&sid=0c892ab91f8b899c616578b04962c74f	research/forumer-recovered/20080208154336_69f11cd4a17a_viewtopic.php.html
122	250	20080208154340	FoROOM ~ View topic - Room 32 - Knock, knock, knockin' on heaven's door...	http://theroomz.19.forumer.com:80/viewtopic.php?t=122&start=250&sid=0c892ab91f8b899c616578b04962c74f	research/forumer-recovered/20080208154340_94d96fbc0253_viewtopic.php.html
122	275	20080208154345	FoROOM ~ View topic - Room 32 - Knock, knock, knockin' on heaven's door...	http://theroomz.19.forumer.com:80/viewtopic.php?t=122&start=275&sid=0c892ab91f8b899c616578b04962c74f	research/forumer-recovered/20080208154345_8647c1c76c38_viewtopic.php.html
122	300	20080208154351	FoROOM ~ View topic - Room 32 - Knock, knock, knockin' on heaven's door...	http://theroomz.19.forumer.com:80/viewtopic.php?t=122&start=300&sid=0c892ab91f8b899c616578b04962c74f	research/forumer-recovered/20080208154351_789f4c6d87f8_viewtopic.php.html
124	0	20080208154356	FoROOM ~ View topic - Room 33 - Looks Familiar...	http://theroomz.19.forumer.com:80/viewtopic.php?t=124&start=0&sid=0c892ab91f8b899c616578b04962c74f	research/forumer-recovered/20080208154356_d7a6d1087eb1_viewtopic.php.html
124	225	20080208154400	FoROOM ~ View topic - Room 33 - Looks Familiar...	http://theroomz.19.forumer.com:80/viewtopic.php?t=124&start=225&sid=0c892ab91f8b899c616578b04962c74f	research/forumer-recovered/20080208154400_be6650a59303_viewtopic.php.html
124	250	20080208154406	FoROOM ~ View topic - Room 33 - Looks Familiar...	http://theroomz.19.forumer.com:80/viewtopic.php?t=124&start=250&sid=0c892ab91f8b899c616578b04962c74f	research/forumer-recovered/20080208154406_806bcd133e1c_viewtopic.php.html
124	275	20080208154411	FoROOM ~ View topic - Room 33 - Looks Familiar...	http://theroomz.19.forumer.com:80/viewtopic.php?t=124&start=275&sid=0c892ab91f8b899c616578b04962c74f	research/forumer-recovered/20080208154411_6f061f7ef5a8_viewtopic.php.html
126	0	20080208154416	FoROOM ~ View topic - Room 34 - Evil, Cruel and Sadistic? Not half!	http://theroomz.19.forumer.com:80/viewtopic.php?t=126&start=0&sid=0c892ab91f8b899c616578b04962c74f	research/forumer-recovered/20080208154416_3f54255ca410_viewtopic.php.html
126	200	20080208154421	FoROOM ~ View topic - Room 34 - Evil, Cruel and Sadistic? Not half!	http://theroomz.19.forumer.com:80/viewtopic.php?t=126&start=200&sid=0c892ab91f8b899c616578b04962c74f	research/forumer-recovered/20080208154421_a77f6be8fe43_viewtopic.php.html
126	225	20080208154426	FoROOM ~ View topic - Room 34 - Evil, Cruel and Sadistic? Not half!	http://theroomz.19.forumer.com:80/viewtopic.php?t=126&start=225&sid=0c892ab91f8b899c616578b04962c74f	research/forumer-recovered/20080208154426_4dfea3cedf34_viewtopic.php.html
126	250	20080208154430	FoROOM ~ View topic - Room 34 - Evil, Cruel and Sadistic? Not half!	http://theroomz.19.forumer.com:80/viewtopic.php?t=126&start=250&sid=0c892ab91f8b899c616578b04962c74f	research/forumer-recovered/20080208154430_364e3348c623_viewtopic.php.html
130	0	20080208154501	FoROOM ~ View topic - Room 35 - Not another wingdings	http://theroomz.19.forumer.com:80/viewtopic.php?t=130&start=0&sid=0c892ab91f8b899c616578b04962c74f	research/forumer-recovered/20080208154501_af5f92844824_viewtopic.php.html
130	50	20080208154512	FoROOM ~ View topic - Room 35 - Not another wingdings	http://theroomz.19.forumer.com:80/viewtopic.php?t=130&start=50&sid=0c892ab91f8b899c616578b04962c74f	research/forumer-recovered/20080208154512_64f15a71a923_viewtopic.php.html
130	75	20080208154516	FoROOM ~ View topic - Room 35 - Not another wingdings	http://theroomz.19.forumer.com:80/viewtopic.php?t=130&start=75&sid=0c892ab91f8b899c616578b04962c74f	research/forumer-recovered/20080208154516_909f410d3d5f_viewtopic.php.html
130	100	20080208154506	FoROOM ~ View topic - Room 35 - Not another wingdings	http://theroomz.19.forumer.com:80/viewtopic.php?t=130&start=100&sid=0c892ab91f8b899c616578b04962c74f	research/forumer-recovered/20080208154506_fa771a95d987_viewtopic.php.html
139	0	20080208154521	FoROOM ~ View topic - Bonus Room 2 - P.E.N.O.	http://theroomz.19.forumer.com:80/viewtopic.php?t=139&start=0&sid=0c892ab91f8b899c616578b04962c74f	research/forumer-recovered/20080208154521_c1829c47dbcd_viewtopic.php.html
139	100	20080208154526	FoROOM ~ View topic - Bonus Room 2 - P.E.N.O.	http://theroomz.19.forumer.com:80/viewtopic.php?t=139&start=100&sid=0c892ab91f8b899c616578b04962c74f	research/forumer-recovered/20080208154526_f919020c0262_viewtopic.php.html
139	125	20080208154531	FoROOM ~ View topic - Bonus Room 2 - P.E.N.O.	http://theroomz.19.forumer.com:80/viewtopic.php?t=139&start=125&sid=0c892ab91f8b899c616578b04962c74f	research/forumer-recovered/20080208154531_4fe910578c05_viewtopic.php.html
139	150	20080208154536	FoROOM ~ View topic - Bonus Room 2 - P.E.N.O.	http://theroomz.19.forumer.com:80/viewtopic.php?t=139&start=150&sid=0c892ab91f8b899c616578b04962c74f	research/forumer-recovered/20080208154536_6428f8f03589_viewtopic.php.html
141	0	20080208154602	FoROOM ~ View topic - Room 36 - "In the jungle, the mighty jungle..."	http://theroomz.19.forumer.com:80/viewtopic.php?t=141&start=0&sid=0c892ab91f8b899c616578b04962c74f	research/forumer-recovered/20080208154602_27bc903994c7_viewtopic.php.html
141	25	20080208154608	FoROOM ~ View topic - Room 36 - "In the jungle, the mighty jungle..."	http://theroomz.19.forumer.com:80/viewtopic.php?t=141&start=25&sid=0c892ab91f8b899c616578b04962c74f	research/forumer-recovered/20080208154608_87e4c0e118d7_viewtopic.php.html
141	50	20080208154611	FoROOM ~ View topic - Room 36 - "In the jungle, the mighty jungle..."	http://theroomz.19.forumer.com:80/viewtopic.php?t=141&start=50&sid=0c892ab91f8b899c616578b04962c74f	research/forumer-recovered/20080208154611_d95bf416e85e_viewtopic.php.html
141	75	20080208154616	FoROOM ~ View topic - Room 36 - "In the jungle, the mighty jungle..."	http://theroomz.19.forumer.com:80/viewtopic.php?t=141&start=75&sid=0c892ab91f8b899c616578b04962c74f	research/forumer-recovered/20080208154616_384dedabf7b5_viewtopic.php.html
142	0	20080208154623	FoROOM ~ View topic - Room 37 - Wooooood	http://theroomz.19.forumer.com:80/viewtopic.php?t=142&start=0&sid=0c892ab91f8b899c616578b04962c74f	research/forumer-recovered/20080208154623_602c40f2f9df_viewtopic.php.html
142	25	20080208154630	FoROOM ~ View topic - Room 37 - Wooooood	http://theroomz.19.forumer.com:80/viewtopic.php?t=142&start=25&sid=0c892ab91f8b899c616578b04962c74f	research/forumer-recovered/20080208154630_b2a48538264b_viewtopic.php.html
142	50	20080208154631	FoROOM ~ View topic - Room 37 - Wooooood	http://theroomz.19.forumer.com:80/viewtopic.php?t=142&start=50&sid=0c892ab91f8b899c616578b04962c74f	research/forumer-recovered/20080208154631_4e9b1cab5a30_viewtopic.php.html
142	75	20080208154636	FoROOM ~ View topic - Room 37 - Wooooood	http://theroomz.19.forumer.com:80/viewtopic.php?t=142&start=75&sid=0c892ab91f8b899c616578b04962c74f	research/forumer-recovered/20080208154636_ea7a337cb912_viewtopic.php.html
152	0	20080208154703	FoROOM ~ View topic - Room 38 - The flickering	http://theroomz.19.forumer.com:80/viewtopic.php?t=152&start=0&sid=0c892ab91f8b899c616578b04962c74f	research/forumer-recovered/20080208154703_d9943e46c8c0_viewtopic.php.html
152	75	20080208154717	FoROOM ~ View topic - Room 38 - The flickering	http://theroomz.19.forumer.com:80/viewtopic.php?t=152&start=75&sid=0c892ab91f8b899c616578b04962c74f	research/forumer-recovered/20080208154717_d3e5fdff8aee_viewtopic.php.html
152	100	20080208154707	FoROOM ~ View topic - Room 38 - The flickering	http://theroomz.19.forumer.com:80/viewtopic.php?t=152&start=100&sid=0c892ab91f8b899c616578b04962c74f	research/forumer-recovered/20080208154707_eedcbc4748ad_viewtopic.php.html
152	125	20080208154712	FoROOM ~ View topic - Room 38 - The flickering	http://theroomz.19.forumer.com:80/viewtopic.php?t=152&start=125&sid=0c892ab91f8b899c616578b04962c74f	research/forumer-recovered/20080208154712_21abccec40ee_viewtopic.php.html
153	0	20080208154732	FoROOM ~ View topic - Room 39 - Rufus	http://theroomz.19.forumer.com:80/viewtopic.php?t=153&start=0&sid=0c892ab91f8b899c616578b04962c74f	research/forumer-recovered/20080208154732_256126bd614b_viewtopic.php.html
153	75	20080208154743	FoROOM ~ View topic - Room 39 - Rufus	http://theroomz.19.forumer.com:80/viewtopic.php?t=153&start=75&sid=0c892ab91f8b899c616578b04962c74f	research/forumer-recovered/20080208154743_23948d971825_viewtopic.php.html
153	100	20080208154734	FoROOM ~ View topic - Room 39 - Rufus	http://theroomz.19.forumer.com:80/viewtopic.php?t=153&start=100&sid=0c892ab91f8b899c616578b04962c74f	research/forumer-recovered/20080208154734_9ed54a0171d3_viewtopic.php.html
153	125	20080208154738	FoROOM ~ View topic - Room 39 - Rufus	http://theroomz.19.forumer.com:80/viewtopic.php?t=153&start=125&sid=0c892ab91f8b899c616578b04962c74f	research/forumer-recovered/20080208154738_ae5062675544_viewtopic.php.html
164	0	20080208154822	FoROOM ~ View topic - Room 40 - Not another checking	http://theroomz.19.forumer.com:80/viewtopic.php?t=164&start=0&sid=0c892ab91f8b899c616578b04962c74f	research/forumer-recovered/20080208154822_e86059cd5445_viewtopic.php.html
164	25	20080208154823	FoROOM ~ View topic - Room 40 - Not another checking	http://theroomz.19.forumer.com:80/viewtopic.php?t=164&start=25&sid=0c892ab91f8b899c616578b04962c74f	research/forumer-recovered/20080208154823_ee3beb73b815_viewtopic.php.html
164	50	20080208154828	FoROOM ~ View topic - Room 40 - Not another checking	http://theroomz.19.forumer.com:80/viewtopic.php?t=164&start=50&sid=0c892ab91f8b899c616578b04962c74f	research/forumer-recovered/20080208154828_d9ab320c1299_viewtopic.php.html
165	0	20080208154833	FoROOM ~ View topic - Bonus Room 3 - Lord of the Colony	http://theroomz.19.forumer.com:80/viewtopic.php?t=165&start=0&sid=0c892ab91f8b899c616578b04962c74f	research/forumer-recovered/20080208154833_7629372eaab5_viewtopic.php.html
165	25	20080208154840	FoROOM ~ View topic - Bonus Room 3 - Lord of the Colony	http://theroomz.19.forumer.com:80/viewtopic.php?t=165&start=25&sid=0c892ab91f8b899c616578b04962c74f	research/forumer-recovered/20080208154840_5b25cdc81c96_viewtopic.php.html
165	50	20080208205610	FoROOM ~ View topic - Bonus Room 3 - Lord of the Colony	http://theroomz.19.forumer.com:80/viewtopic.php?t=165&start=50&sid=0c892ab91f8b899c616578b04962c74f	research/forumer-recovered/20080208205610_4d9fb97c94d7_viewtopic.php.html
187	0	20080208155031	FoROOM ~ View topic - Room 42 - Riddles in the ROOMZ	http://theroomz.19.forumer.com:80/viewtopic.php?t=187&start=0&sid=0c892ab91f8b899c616578b04962c74f	research/forumer-recovered/20080208155031_21f54a2a754b_viewtopic.php.html
187	225	20080208155036	FoROOM ~ View topic - Room 42 - Riddles in the ROOMZ	http://theroomz.19.forumer.com:80/viewtopic.php?t=187&start=225&sid=0c892ab91f8b899c616578b04962c74f	research/forumer-recovered/20080208155036_eac90e4e0947_viewtopic.php.html
187	250	20080208155041	FoROOM ~ View topic - Room 42 - Riddles in the ROOMZ	http://theroomz.19.forumer.com:80/viewtopic.php?t=187&start=250&sid=0c892ab91f8b899c616578b04962c74f	research/forumer-recovered/20080208155041_45b7385824e2_viewtopic.php.html
187	275	20080208155046	FoROOM ~ View topic - Room 42 - Riddles in the ROOMZ	http://theroomz.19.forumer.com:80/viewtopic.php?t=187&start=275&sid=0c892ab91f8b899c616578b04962c74f	research/forumer-recovered/20080208155046_91afa9f0abcc_viewtopic.php.html
212	0	20080208155111	FoROOM ~ View topic - Room 43 - Underwater journey	http://theroomz.19.forumer.com:80/viewtopic.php?t=212&start=0&sid=0c892ab91f8b899c616578b04962c74f	research/forumer-recovered/20080208155111_6d6c882b6254_viewtopic.php.html
212	100	20080208155116	FoROOM ~ View topic - Room 43 - Underwater journey	http://theroomz.19.forumer.com:80/viewtopic.php?t=212&start=100&sid=0c892ab91f8b899c616578b04962c74f	research/forumer-recovered/20080208155116_3252b0b6ae40_viewtopic.php.html
212	125	20080208155121	FoROOM ~ View topic - Room 43 - Underwater journey	http://theroomz.19.forumer.com:80/viewtopic.php?t=212&start=125&sid=0c892ab91f8b899c616578b04962c74f	research/forumer-recovered/20080208155121_076ef8419c9c_viewtopic.php.html
212	150	20080208155125	FoROOM ~ View topic - Room 43 - Underwater journey	http://theroomz.19.forumer.com:80/viewtopic.php?t=212&start=150&sid=0c892ab91f8b899c616578b04962c74f	research/forumer-recovered/20080208155125_4d9dd4f5ddd1_viewtopic.php.html
215	0	20080208155131	FoROOM ~ View topic - Room 41 - Ready... Aim... (part2)	http://theroomz.19.forumer.com:80/viewtopic.php?t=215&start=0&sid=0c892ab91f8b899c616578b04962c74f	research/forumer-recovered/20080208155131_668531840b26_viewtopic.php.html
215	50	20080208155141	FoROOM ~ View topic - Room 41 - Ready... Aim... (part2)	http://theroomz.19.forumer.com:80/viewtopic.php?t=215&start=50&sid=0c892ab91f8b899c616578b04962c74f	research/forumer-recovered/20080208155141_fbb0e796c47c_viewtopic.php.html
215	75	20080208155146	FoROOM ~ View topic - Room 41 - Ready... Aim... (part2)	http://theroomz.19.forumer.com:80/viewtopic.php?t=215&start=75&sid=0c892ab91f8b899c616578b04962c74f	research/forumer-recovered/20080208155146_7a8bf270ab7f_viewtopic.php.html
215	100	20080208155135	FoROOM ~ View topic - Room 41 - Ready... Aim... (part2)	http://theroomz.19.forumer.com:80/viewtopic.php?t=215&start=100&sid=0c892ab91f8b899c616578b04962c74f	research/forumer-recovered/20080208155135_8ce346494191_viewtopic.php.html
227	0	20080208155151	FoROOM ~ View topic - Bonus room 4 - The Big Secret.	http://theroomz.19.forumer.com:80/viewtopic.php?t=227&start=0&sid=0c892ab91f8b899c616578b04962c74f	research/forumer-recovered/20080208155151_567a7fd31c61_viewtopic.php.html
227	25	20080208155156	FoROOM ~ View topic - Bonus room 4 - The Big Secret.	http://theroomz.19.forumer.com:80/viewtopic.php?t=227&start=25&sid=0c892ab91f8b899c616578b04962c74f	research/forumer-recovered/20080208155156_09b5f244f26e_viewtopic.php.html
227	50	20080208155200	FoROOM ~ View topic - Bonus room 4 - The Big Secret.	http://theroomz.19.forumer.com:80/viewtopic.php?t=227&start=50&sid=0c892ab91f8b899c616578b04962c74f	research/forumer-recovered/20080208155200_d4c916ded91c_viewtopic.php.html
236	0	20080208155221	FoROOM ~ View topic - Room 44 - A real pain...	http://theroomz.19.forumer.com:80/viewtopic.php?t=236&start=0&sid=0c892ab91f8b899c616578b04962c74f	research/forumer-recovered/20080208155221_7da8b6484af3_viewtopic.php.html
236	75	20080208155236	FoROOM ~ View topic - Room 44 - A real pain...	http://theroomz.19.forumer.com:80/viewtopic.php?t=236&start=75&sid=0c892ab91f8b899c616578b04962c74f	research/forumer-recovered/20080208155236_b9392091d980_viewtopic.php.html
236	100	20080208155226	FoROOM ~ View topic - Room 44 - A real pain...	http://theroomz.19.forumer.com:80/viewtopic.php?t=236&start=100&sid=0c892ab91f8b899c616578b04962c74f	research/forumer-recovered/20080208155226_b11f6d474389_viewtopic.php.html
236	125	20080208155231	FoROOM ~ View topic - Room 44 - A real pain...	http://theroomz.19.forumer.com:80/viewtopic.php?t=236&start=125&sid=0c892ab91f8b899c616578b04962c74f	research/forumer-recovered/20080208155231_2dc2dcf108ad_viewtopic.php.html
250	0	20080208155242	FoROOM ~ View topic - Room 45 - When will it come out?	http://theroomz.19.forumer.com:80/viewtopic.php?t=250&start=0&sid=0c892ab91f8b899c616578b04962c74f	research/forumer-recovered/20080208155242_d8a6267d74ab_viewtopic.php.html
250	25	20080208155246	FoROOM ~ View topic - Room 45 - When will it come out?	http://theroomz.19.forumer.com:80/viewtopic.php?t=250&start=25&sid=0c892ab91f8b899c616578b04962c74f	research/forumer-recovered/20080208155246_c86b3baf0db5_viewtopic.php.html
308	0	20080208155251	FoROOM ~ View topic - Room 45 - Never ending story...	http://theroomz.19.forumer.com:80/viewtopic.php?t=308&start=0&sid=0c892ab91f8b899c616578b04962c74f	research/forumer-recovered/20080208155251_25b7dad89fdc_viewtopic.php.html
308	50	20080208155301	FoROOM ~ View topic - Room 45 - Never ending story...	http://theroomz.19.forumer.com:80/viewtopic.php?t=308&start=50&sid=0c892ab91f8b899c616578b04962c74f	research/forumer-recovered/20080208155301_c48d5029b4ea_viewtopic.php.html
308	75	20080208155307	FoROOM ~ View topic - Room 45 - Never ending story...	http://theroomz.19.forumer.com:80/viewtopic.php?t=308&start=75&sid=0c892ab91f8b899c616578b04962c74f	research/forumer-recovered/20080208155307_6cb8489b4169_viewtopic.php.html
308	100	20080208155256	FoROOM ~ View topic - Room 45 - Never ending story...	http://theroomz.19.forumer.com:80/viewtopic.php?t=308&start=100&sid=0c892ab91f8b899c616578b04962c74f	research/forumer-recovered/20080208155256_5338e2120ba6_viewtopic.php.html
421		20110618113725	FoROOM ~ View topic - The Roomz 2.0?	http://theroomz.19.forumer.com:80/viewtopic.php?t=421	research/forumer-recovered/20110618113725_a09933dcd560_viewtopic.php.html
421		20110619154353	FoROOM ~ View topic - The Roomz 2.0?	http://theroomz.19.forumer.com:80/viewtopic.php?t=421	research/forumer-recovered/20110619154353_a09933dcd560_viewtopic.php.html
421		20110819115423	FoROOM ~ View topic - The Roomz 2.0?	http://theroomz.19.forumer.com:80/viewtopic.php?t=421	research/forumer-recovered/20110819115423_a09933dcd560_viewtopic.php.html
421		20120215154140	FoROOM ~ View topic - The Roomz 2.0?	http://theroomz.19.forumer.com:80/viewtopic.php?t=421	research/forumer-recovered/20120215154140_a09933dcd560_viewtopic.php.html
