sha256	bytes	header	flash_version	path
c58a2a373bcc3c1cb36b9864b4bf1932f009c8f96a457f9d4d3db3cdc5f8f4f5	17061	CWS	9	originals/recovered/RRR.swf
61c728f54f9552744edc19f22b152a7ed89854b45891316957eaeaf763d4add9	11034	CWS	8	originals/recovered/RoomzMain_2007.swf
d7dd1d01587d2857d5bb67cc7b94c0ab6f9fc18b53d66cd81f2b849606ea32e1	10995	CWS	8	originals/recovered/RoomzMain_2011.swf
161aad66dfee6c219dd9fab2206e8f1f335f4ab1f29875de672057d515c128f3	23285	CWS	9	originals/recovered/UnderTR.swf
91657fb753d5794c5310b25ed9e6d896e67ddb199cff5d8ca7f275410360ae0b	682	CWS	9	originals/recovered/data.swf
b6f0e021fab208effa7d066671b1584f726d069bcb66dc0e65afdadb6b3992ea	329128	CWS	8	originals/recovered/dreamwardgames/Intro.swf
55478cbaa7e32dcbfdf90d5766d9d0f8eaaf12969bcfd2057d8c51fda900e51c	10995	CWS	8	originals/recovered/dreamwardgames/RoomzMain.swf
6e88693508b8a23edbc8c604035e59e721b19e3ac92c234d289555f57bbcdcf4	23282	CWS	9	originals/recovered/dreamwardgames/UnderTR.swf
ee32de2a31bafbad87e70cfd45d148e88b3f2ee1a4a50427f097249bdae601de	344	CWS	8	originals/recovered/dreamwardgames/frame.swf
ce0585181bf6c7071f95271e9fd3c6882321408fbc9a4199a4de3ff6c0a253e5	55532	CWS	8	originals/recovered/dreamwardgames/interface.swf
b3710c350c39b56a941a687412b724877e0206a60e6ec5d8973431b68708df0d	9261	CWS	8	originals/recovered/dreamwardgames/loadRoom.swf
61c728f54f9552744edc19f22b152a7ed89854b45891316957eaeaf763d4add9	11034	CWS	8	originals/recovered/yoyo-by-capture/20070206062346/www.theroomz.yoyo.pl/RoomzMain.swf
d7dd1d01587d2857d5bb67cc7b94c0ab6f9fc18b53d66cd81f2b849606ea32e1	10995	CWS	8	originals/recovered/yoyo-by-capture/20110930161009/www.theroomz.yoyo.pl/RoomzMain.swf
161aad66dfee6c219dd9fab2206e8f1f335f4ab1f29875de672057d515c128f3	23285	CWS	9	originals/recovered/yoyo-by-capture/20110930161017/www.theroomz.yoyo.pl/UnderTR.swf
c58a2a373bcc3c1cb36b9864b4bf1932f009c8f96a457f9d4d3db3cdc5f8f4f5	17061	CWS	9	originals/recovered/yoyo-by-capture/20121102214347/www.theroomz.yoyo.pl/RRR.swf
91657fb753d5794c5310b25ed9e6d896e67ddb199cff5d8ca7f275410360ae0b	682	CWS	9	originals/recovered/yoyo-by-capture/20121102214348/www.theroomz.yoyo.pl/data.swf
c58a2a373bcc3c1cb36b9864b4bf1932f009c8f96a457f9d4d3db3cdc5f8f4f5	17061	CWS	9	originals/recovered/yoyo-wayback/www.theroomz.yoyo.pl/RRR.swf
d7dd1d01587d2857d5bb67cc7b94c0ab6f9fc18b53d66cd81f2b849606ea32e1	10995	CWS	8	originals/recovered/yoyo-wayback/www.theroomz.yoyo.pl/RoomzMain.swf
161aad66dfee6c219dd9fab2206e8f1f335f4ab1f29875de672057d515c128f3	23285	CWS	9	originals/recovered/yoyo-wayback/www.theroomz.yoyo.pl/UnderTR.swf
91657fb753d5794c5310b25ed9e6d896e67ddb199cff5d8ca7f275410360ae0b	682	CWS	9	originals/recovered/yoyo-wayback/www.theroomz.yoyo.pl/data.swf
