referenced_swf	source
about.swf	research/decompiled/recovered-unique/b6f0e021fab2_Intro/scripts/DefineSprite_225_intro/frame_388/DoAction.as
check.swf	research/decompiled/recovered-unique/b6f0e021fab2_Intro/scripts/DefineSprite_225_intro/frame_388/DoAction.as
data.swf	research/decompiled/recovered-unique/c58a2a373bcc_RRR/scripts/frame_1/DoAction.as
frame.swf	research/decompiled/recovered-unique/55478cbaa7e3_RoomzMain/scripts/frame_1/DoAction.as
frame.swf	research/decompiled/recovered-unique/61c728f54f95_RoomzMain_2007/scripts/frame_1/DoAction.as
frame.swf	research/decompiled/recovered-unique/d7dd1d01587d_RoomzMain_2011/scripts/frame_1/DoAction.as
interface.swf	research/decompiled/recovered-unique/b6f0e021fab2_Intro/scripts/DefineSprite_225_intro/frame_388/DoAction.as
Intro.swf	research/decompiled/recovered-unique/55478cbaa7e3_RoomzMain/scripts/frame_1/DoAction.as
Intro.swf	research/decompiled/recovered-unique/61c728f54f95_RoomzMain_2007/scripts/frame_1/DoAction.as
Intro.swf	research/decompiled/recovered-unique/d7dd1d01587d_RoomzMain_2011/scripts/frame_1/DoAction.as
loadRoom.swf	research/decompiled/recovered-unique/55478cbaa7e3_RoomzMain/scripts/frame_1/DoAction.as
loadRoom.swf	research/decompiled/recovered-unique/61c728f54f95_RoomzMain_2007/scripts/frame_1/DoAction.as
loadRoom.swf	research/decompiled/recovered-unique/b6f0e021fab2_Intro/scripts/DefineSprite_225_intro/frame_388/DoAction.as
loadRoom.swf	research/decompiled/recovered-unique/d7dd1d01587d_RoomzMain_2011/scripts/frame_1/DoAction.as
rules.swf	research/decompiled/recovered-unique/b6f0e021fab2_Intro/scripts/DefineSprite_225_intro/frame_388/DoAction.as
sciemka.swf	research/decompiled/recovered-unique/b6f0e021fab2_Intro/scripts/DefineSprite_225_intro/frame_388/DoAction.as
solutions.swf	research/decompiled/recovered-unique/b6f0e021fab2_Intro/scripts/DefineSprite_225_intro/frame_388/DoAction.as
tescik.swf	research/decompiled/recovered-unique/ee32de2a31ba_frame/scripts/frame_1/DoAction.as
