sha256	copies	bytes	canonical_path
161aad66dfee6c219dd9fab2206e8f1f335f4ab1f29875de672057d515c128f3	3	23285	originals/recovered/UnderTR.swf
55478cbaa7e32dcbfdf90d5766d9d0f8eaaf12969bcfd2057d8c51fda900e51c	1	10995	originals/recovered/dreamwardgames/RoomzMain.swf
61c728f54f9552744edc19f22b152a7ed89854b45891316957eaeaf763d4add9	2	11034	originals/recovered/RoomzMain_2007.swf
6e88693508b8a23edbc8c604035e59e721b19e3ac92c234d289555f57bbcdcf4	1	23282	originals/recovered/dreamwardgames/UnderTR.swf
91657fb753d5794c5310b25ed9e6d896e67ddb199cff5d8ca7f275410360ae0b	3	682	originals/recovered/data.swf
b3710c350c39b56a941a687412b724877e0206a60e6ec5d8973431b68708df0d	1	9261	originals/recovered/dreamwardgames/loadRoom.swf
b6f0e021fab208effa7d066671b1584f726d069bcb66dc0e65afdadb6b3992ea	1	329128	originals/recovered/dreamwardgames/Intro.swf
c58a2a373bcc3c1cb36b9864b4bf1932f009c8f96a457f9d4d3db3cdc5f8f4f5	3	17061	originals/recovered/RRR.swf
ce0585181bf6c7071f95271e9fd3c6882321408fbc9a4199a4de3ff6c0a253e5	1	55532	originals/recovered/dreamwardgames/interface.swf
d7dd1d01587d2857d5bb67cc7b94c0ab6f9fc18b53d66cd81f2b849606ea32e1	3	10995	originals/recovered/RoomzMain_2011.swf
ee32de2a31bafbad87e70cfd45d148e88b3f2ee1a4a50427f097249bdae601de	1	344	originals/recovered/dreamwardgames/frame.swf
