url	source
http://dreamward.home.pl/theroomz/hof.htm	research/decompiled/recovered-unique/b6f0e021fab2_Intro/scripts/DefineSprite_225_intro/frame_388/DoAction.as
http://theroomz.19.forumer.com	research/decompiled/recovered-unique/b6f0e021fab2_Intro/scripts/DefineSprite_225_intro/frame_388/DoAction.as
http://theroomz.19.forumer.com/	research/decompiled/recovered-unique/c58a2a373bcc_RRR/scripts/frame_1/DoAction.as
http://theroomz.19.forumer.com/index.php	research/decompiled/recovered-unique/161aad66dfee_UnderTR/scripts/frame_1/DoAction.as
http://theroomz.19.forumer.com/index.php	research/decompiled/recovered-unique/6e88693508b8_UnderTR/scripts/frame_1/DoAction.as
http://theroomz.yoyo.pl	research/decompiled/recovered-unique/55478cbaa7e3_RoomzMain/scripts/DefineButton2_7/BUTTONCONDACTION on(release).as
http://theroomz.yoyo.pl	research/decompiled/recovered-unique/61c728f54f95_RoomzMain_2007/scripts/DefineButton2_7/BUTTONCONDACTION on(release).as
http://theroomz.yoyo.pl	research/decompiled/recovered-unique/61c728f54f95_RoomzMain_2007/scripts/frame_1/DoAction.as
http://theroomz.yoyo.pl	research/decompiled/recovered-unique/d7dd1d01587d_RoomzMain_2011/scripts/DefineButton2_7/BUTTONCONDACTION on(release).as
http://theroomz.yoyo.pl/donate/	research/decompiled/recovered-unique/161aad66dfee_UnderTR/scripts/frame_1/DoAction.as
http://theroomzeclipse.org	research/decompiled/recovered-unique/161aad66dfee_UnderTR/scripts/frame_1/DoAction.as
http://theroomzeclipse.org	research/decompiled/recovered-unique/6e88693508b8_UnderTR/scripts/frame_1/DoAction.as
http://users4.smartgb.com/g/g.php?a=s&i=g40-04528-7a	research/decompiled/recovered-unique/b6f0e021fab2_Intro/scripts/DefineSprite_225_intro/frame_388/DoAction.as
http://www.facebook.com/theroomzproject	research/decompiled/recovered-unique/161aad66dfee_UnderTR/scripts/frame_1/DoAction.as
http://www.facebook.com/theroomzproject	research/decompiled/recovered-unique/6e88693508b8_UnderTR/scripts/frame_1/DoAction.as
http://www.theroomz.yoyo.pl	research/decompiled/recovered-unique/61c728f54f95_RoomzMain_2007/scripts/frame_1/DoAction.as
